Release Year,Title,Plot,PlotSummary,final_genre,final_director,final_cast
1970,Adam at Six A.M.,"The film revolves around Adam Gaines, a semantics professor at a California college. He becomes complacent in his life and hears about the death of a relative in Missouri. He drives cross country to attend the funeral and pay his respects, and decides to spend the summer there working as a laborer. He meets Jerri Jo Hopper, and falls in love, along the way developing new friendships with the town locals. He then must decide what direction he wants his life to go, whether to stay in Missouri or return to California.","The film revolves around Adam Gaines, a semantics professor at a California college. He becomes complacent in his life and hears about the death of a relative in Missouri. He drives cross country to attend the funeral and pay his respects, and decides to spend the summer there. He meets Jerri Jo Hopper, and falls in love, along the way developing new friendships with the town locals.",Drama,Robert Scheerer,"Michael Douglas,Joe Don Baker,Charles Aidman,Dana Elcar,Ed Call"
1970,The Adventurers,"Set in the fictional Latin American country of Cortoguay, it tells the tale of a rich playboy, Dax Xenos, who uses and destroys everyone who crosses his path. His vileness results from having seen his mother and sister raped and murdered by Government troops, but his primary obsession is to avenge his father's murder. Dax's father had been a true patriot unlike any of the other self-seeking Presidents in an otherwise poor country always belonging to ""the revolution."" Dax finds, however, that vengeance and revolution lead to nothing but more of the same.","Set in the fictional Latin American country of Cortoguay, it tells the tale of a rich playboy, Dax Xenos, who uses and destroys everyone who crosses his path. His vileness results from having seen his mother and sister raped and murdered by Government troops, but his primary obsession is to avenge his father's murder.","Action,Adventure,Drama",Lewis Gilbert,"Charles Aznavour,Alan Badel,Thommy Berggren,Ernest Borgnine,Rossano Brazzi,Bekim Fehmiu"
1970,Airport,"Chicago is paralyzed by a snowstorm affecting Lincoln International Airport. A Trans Global Airlines (TGA) Boeing 707 flight crew misjudge their turn from Runway 29 onto the taxiway, becoming stuck in the snow and closing that runway. Airport manager Mel Bakersfeld is forced to work overtime, causing tension with his wife, Cindy. A divorce seems imminent as he nurtures a closer relationship with a co-worker, TGA customer relations agent Tanya Livingston.
Vernon Demerest is a TGA captain scheduled to be the checkride captain for the airline to evaluate Captain Anson Harris during its Flight 2 to Rome. TGA's flagship international service, named The Golden Argosy, is being operated with a Boeing 707. Although Demerest is married to Bakersfeld's sister, Sarah, he is secretly having an affair with Gwen Meighen, chief stewardess on the flight, who informs him before takeoff that she is pregnant with his child.
Bakersfeld borrows TWA mechanic Joe Patroni to assist with moving TGA's disabled plane blocking Runway 29. Mel and Tanya also deal with Mrs. Ada Quonsett, an elderly lady from San Diego who is a habitual stowaway on various airlines.
Demolition expert D.O. Guerrero, down on his luck and with a history of mental illness, buys both a one-way TGA ticket aboard The Golden Argosy and a large life insurance policy with the intent of committing suicide by blowing up the plane. He plans to set off a bomb in an attaché case while over the Atlantic Ocean so that his wife, Inez, will collect the insurance money of $225,000. His erratic behavior at the airport, including using his last cash to buy the insurance policy and mistaking a U.S. Customs officer for an airline gate agent, attracts airport officials' attention. Inez finds a Special Delivery envelope from a travel agency and, realizing D.O. might be doing something desperate, goes to the airport to try to dissuade him. She informs airport officials that he had been fired from a construction job for ""misplacing"" explosives and that the family's financial situation was desperate.
Ada manages to evade the TGA employee assigned the task of putting her on a flight back to San Diego, talks her way past the gate agent, boards Flight 2, and happens to sit next to D.O. When the Golden Argosy crew is made aware of D.O.'s presence and possible intentions, they turn the plane back toward Chicago without informing the passengers. Once Ada is discovered, her help is enlisted by the crew to get to D.O.'s briefcase, but the ploy fails when a would-be helpful male passenger unwittingly returns the case to D.O.
Captain Demerest goes back into the passenger cabin and tries to persuade D.O. not to trigger the bomb, informing him that his insurance policy will be useless. D.O. briefly considers giving Vernon the bomb, but just then another passenger exits the lavatory at the rear of the aircraft, and the same would-be helpful passenger yells out that D.O. has a bomb. D.O. runs into the lavatory, locks it, and sets off the device. D.O. dies instantly and is sucked out through the hole blown in the fuselage by the explosion. Gwen, just outside the door, is injured in the explosion and subsequent explosive decompression, but the pilots retain control of the airplane.
With all airports east of Chicago unusable due to bad weather, they return to Lincoln International for an emergency landing. Due to the bomb damage, Captain Demerest demands the airport's longest runway—Runway 29, which is still closed due to the stuck airliner. Eventually Mel orders the plane to be pushed off the runway by snowplows, despite the costly damage they would do to it. Patroni, who is ""taxi-qualified"" on Boeing 707s, has been trying to move the stuck aircraft in time for Vernon's damaged aircraft to land. By exceeding the Boeing 707's engine operating parameters, Patroni frees the stuck jet without damage, allowing Runway 29 to be reopened just in time for the crippled Golden Argosy to land.
In a brief epilogue, Ada is enjoying her reward of free first-class travel on TGA. But as she arrives at the gate, she laments that it was ""much more fun the other way.""","Chicago is paralyzed by a snowstorm affecting Lincoln International Airport. Airport manager Mel Bakersfeld is forced to work overtime, causing tension with his wife. TGA's flagship international service, named The Golden Argosy, is being operated with a Boeing 707. Demolition expert D.O. Guerrero, down on his luck and with a history of mental illness, buys a one-way TGA ticket and a large life insurance policy with the intent of committing suicide by blowing up the plane.","Action,Drama,Thriller",George Seaton,"Burt Lancaster,Dean Martin,George Kennedy,Van Heflin,Barry Nelson"
1970,Alex in Wonderland,"Young director Alex Morrison feels compelled to follow his recent box-office hit with another blockbuster. While mulling over this dilemma, the director's mind wanders to his past, his present, and probable future.[2]","Alex Morrison feels compelled to follow his recent box-office hit with another blockbuster. While mulling over this dilemma, the director's mind wanders to his past, his present, and probable future. The film is directed by Alex Morrison, who also stars as a young director.","Comedy,Drama",Paul Mazursky,"Donald Sutherland,Andre Philippe,Michael Lerner,Neil Burstyn,Leon Frederick"
1970,Angel Unchained,"Following a gang fight, biker Angel, calls it quits and leaves his gang, the Exiles MC, (Nomad Chapter), in pursuit of a new life. He meets hippie community leader Jonathan Tremaine, who is running from the anti-hippie townsfolk. Angel is quick to fall in love with another hippie, Merilee. When the situation becomes too tough to handle, Angel is forced to ask the Exiles MC to help out the hippies.","Following a gang fight, biker Angel, calls it quits and leaves his gang, the Exiles MC, (Nomad Chapter), in pursuit of a new life. He meets hippie community leader Jonathan Tremaine, who is running from anti-hippie townsfolk. Angel is quick to fall in love with another hippie, Merilee.","Action,Drama,Thriller",Lee Madden,"Don Stroud,Luke Askew,Larry Bishop,T. Max Graham,Bill McKinney,Jordan Rhodes,Peter Lawrence,Pedro Regas"
1970,The Aristocats,"In Paris 1910, mother cat Duchess and her three kittens, Berlioz, Marie and Toulouse live with retired opera diva Madame Adelaide Bonfamille, and her English butler, Edgar. One day while preparing her will with lawyer Georges Hautecourt, Madame declares her fortune to be left to her cats until their deaths, and thereafter to Edgar. Edgar hears this through a speaking tube, and plots to eliminate the cats. Therefore, he sedates the cats by putting sleeping pills in a milk mixture intended for them, and enters the countryside to abandon them. There, he is ambushed by two hounds named Napoleon and Lafayette, and the cats are stranded in the countryside, while Madame Adelaide, Roquefort the mouse and Frou-Frou the horse discover their absence.
In the morning, Duchess meets an alley cat named Thomas O'Malley, who offers to guide her and the kittens to Paris. The group briefly hitchhikes in a milk truck before being chased off by the driver. Later, while crossing a railroad trestle, the cats narrowly avoid an oncoming train, but Marie falls into a river and is saved by O'Malley, who in turn has to be rescued himself by two English geese, Amelia and Abigail Gabble, who accompany the cats to Paris. Edgar returns to the country to retrieve his possessions from Napoleon and Lafayette, as the only evidence that could incriminate him.
Travelling across the rooftops of the city, the cats meet O'Malley's friend Scat Cat and his musicians, who perform the song Ev'rybody Wants to Be a Cat. After the band has departed, O'Malley and Duchess converse on a nearby rooftop while the kittens listen at a windowsill. Here, Duchess' loyalty to Madame prompts her to decline O'Malley's proposal of marriage. Duchess and the kittens return to Madame's mansion, but Edgar places them in a sack and prepares to ship them to Timbuktu; whereupon they direct Roquefort to retrieve O'Malley. He does so, and O'Malley returns to the mansion, instructing Roquefort to locate Scat Cat and his gang. This done, the alley cats and Frou-Frou fight Edgar, while Roquefort frees Duchess and the kittens. At the end of the fight, Edgar is locked in his own packing-case and sent to Timbuktu himself. Madame Adelaide's will is rewritten to exclude Edgar, with Madame remaining ignorant of the reason for Edgar’s departure. After adopting O’Malley into the family, Madame establishes a charity foundation housing Paris' stray cats (represented by Scat Cat and his band, who reprise their song).","Mother cat Duchess and her three kittens, Berlioz, Marie and Toulouse live with retired opera diva Madame Adelaide Bonfamille, and her English butler, Edgar. Edgar sedates the cats by putting sleeping pills in a milk mixture intended for them, and enters the countryside to abandon them. He is ambushed by two hounds named Napoleon and Lafayette, and the cats are stranded in the countryside. In the morning, Duchess meets an alley cat named Thomas O'Malley, who offers to guide her and the kittens to Paris. Travelling across the rooftops of the city, the cats meet O'","Adventure,Animation,Comedy",Wolfgang Reitherman,"Phil Harris,Sterling Holloway,Scatman Crothers,Paul Winchell,Lord Tim Hudson,Vito Scotti,Thurl Ravenscroft,Dean Clark"
1970,The Baby Maker,"Tish Gray is a flower child who is hired to have the baby of a middle-class couple, Suzanne and Jay Wilcox. The film exposes the clash of values between Tish, her boyfriend Tad Jacks, and the couple. It also deals with the emotional turmoil all four characters go through.","Tish Gray is hired to have the baby of a middle-class couple, Suzanne and Jay Wilcox. The film exposes the clash of values between Tish, her boyfriend Tad Jacks, and the couple. It also deals with the emotional turmoil all four characters go through.",Drama,James Bridges,"Sam Groom,Scott Glenn,Jeff Siggins"
1970,The Ballad of Cable Hogue,"Cable Hogue is isolated in the desert, awaiting his partners, Taggart and Bowen, who are scouting for water. The two plot to seize what little water remains to save themselves. Cable, who hesitates to defend himself, is disarmed and abandoned to almost certain death.
Confronted with sandstorms and other desert elements, Cable bargains with God. Four days later, about to perish, he stumbles upon a muddy pit. He digs and discovers an abundant supply of water.
After discovering that his well is the only source of water between two towns on a stagecoach route, he decides to live there and build a business. Cable's first paying customer is the Rev. Joshua Duncan Sloane, a wandering minister of a church of his own revelation. Joshua doubts the legitimacy of Cable's claim to the spring, prompting Cable to race into town to file at the land office.
Cable faces the mockery of everyone he tells about his discovery. That does not deter him from buying 2 acres (0.8 ha) surrounding his spring. He immediately goes to the stage office to drum up business but is thrown out by the skeptical owner. He pitches his business plan to a bank president, who is dubious about the claim. Cable impresses the banker with his attitude and he is staked to $100.
Cable, who hasn’t bathed since his desert wanderings, decides to treat himself to a night with Hildy, a prostitute in the town saloon. They quickly develop a jovial understanding but before they can consummate the transaction, Cable remembers that he has still not set up his boundary markers and rushes out, much to Hildy's chagrin. She chases him out of the saloon in a sequence that wreaks havoc on the town.
Back at the spring, Cable and Joshua get to work, dubbing the claim Cable Springs. The two decide to go into town and are drunk by the time they arrive. Cable makes up with Hildy and spends the night with her, leaving Joshua to pursue his passion: the seduction of emotionally vulnerable women.
Cable and Joshua continue to run the robust business, delighting in shocking the often genteel travelers with the realities of frontier life. In moments of solitude, Cable and Joshua philosophize on the nature of love and the passing of their era. Joshua decides that he must return to town. Hildy arrives at Cable Springs having been ""asked"" to leave by the modernizing townfolk, who can no longer abide open prostitution in their midst. She tells Cable that she will leave for San Francisco in the morning but winds up staying with him for three weeks. This time elapses during a tender, romantic montage.
Then one day, Taggart and Bowen arrive on the stagecoach. Cable lets them believe that he bears them no ill will, and he alludes to a huge stash of cash that he has hoarded, knowing that the two men will return to steal it. When they do, Cable outwits them, by throwing rattlesnakes into the pit they have dug. When they surrender, he orders them to strip to their underwear to venture into the desert, just as he had been forced to do. Taggart, believing Cable will once again hesitate to defend himself, reaches for his gun but Hogue shoots him dead.
A motor car appears, driving right past Cable Springs with no need or interest in stopping for water. The drivers laugh at the archaic scene of western violence as they race past. ""Drove right by,"" says Cable in amazement. ""Well, that's gonna be the next fella's worry.""
Cable takes mercy on the grovelling Bowen. He even gives him Cable Springs, having decided to go to San Francisco to find Hildy. The stagecoach arrives and Cable gets ready to pack up when suddenly another motorcar [2] appears. This one does stop and Hildy emerges, opulently dressed. She has become prosperous and, now on her way to New Orleans, has come to see if Cable is ready to join her. He agrees but while he loads the motorcar he accidentally trips its brake. The car runs over him as he pushes Bowen out of the way.
Joshua, who arrives by a black motorcycle with a sidecar, gives a eulogy for Cable as he dies. This segues into a funeral with the cast standing mournfully over Cable's grave. They are grieving not only the death of the man but the era he represents. The stagecoach and motorcar drive off in opposite directions. A coyote wanders into the abandoned Cable Springs. But the coyote has a collar – possibly symbolising the taming of the wilderness.","Cable Hogue is isolated in the desert, awaiting his partners, Taggart and Bowen, who are scouting for water. The two plot to seize what little water remains to save themselves. Cable, who hesitates to defend himself, is disarmed and abandoned to almost certain death. Four days later, about to perish, he stumbles upon a muddy pit and discovers an abundant supply of water.","Comedy,Drama,Romance",Sam Peckinpah,"Jason Robards,David Warner,Strother Martin,Slim Pickens,L.Q. Jones,Peter Whitney,R.G. Armstrong,Gene Evans,William Mims"
1970,Barquero,"After stealing a shipment of silver and weapons, the brutal and unstable Remy and his band of mercenaries must cross the river in order to flee into Mexico. The boatman of a small settlement, Travis, refuses to transport the gang on his barge, knowing that to do so would be suicide. Travis and his woman Nola transport the settlement's inhabitants and a group of passing settlers to the river's far side. A tense standoff develops between the gang and the inhabitants and settlers who are on opposite sides of the river which explodes into a violent and bloody climax.","Remy and his band of mercenaries must cross the river in order to flee into Mexico. The boatman of a small settlement refuses to transport the gang on his barge, knowing that to do so would be suicide. A tense standoff develops between the gang and the inhabitants and settlers who are on opposite sides of the river explodes into a violent and bloody climax.","Drama,Western",Gordon Douglas,"Lee Van Cleef,Warren Oates,Forrest Tucker,Kerwin Mathews,Armando Silvestre,John Davis Chandler,Craig Littler,Ed Bakey"
1970,Beneath the Planet of the Apes,"Following the events of Planet of the Apes, time-displaced astronaut Taylor and the mute Nova, are riding on horseback through the desert of the Forbidden Zone. Without warning, fire shoots up from the ground and deep chasms open. Confused by the strange phenomenon, Taylor investigates a cliff wall and disappears before Nova's eyes.
Elsewhere in the Forbidden Zone, a second Earth spaceship has crash landed after being sent to search for Taylor and his crew. Its only survivor Brent, while noting he is in the year 3955, assumes he has traveled to another planet. He encounters Nova and notices she is wearing Taylor's dog tags. Hoping Taylor is still alive, he rides with her to Ape City, where he is shocked to discover the simian civilization. He observes the gorilla General Ursus leading a rally for the apes to conquer the Forbidden Zone and use it as a potential food source, against the objections of the orangutan Dr. Zaius. Brent is wounded by a gorilla soldier and taken by Nova to the home of the chimpanzees Cornelius and Zira, who treat his wound and tell him of their time with Taylor. The humans hide when Dr. Zaius arrives and announces that he will accompany Ursus on the invasion of the Forbidden Zone.
Attempting to flee the city, Brent and Nova are captured by gorillas. Ursus orders they be used for target practice, but Zira helps them escape. They hide in a cave which Brent soon discovers is the ruins of the Queensboro Plaza station of the New York City Subway, realizing he traveled through time to Earth's post-apocalyptic future. After following a humming sound deeper into the underground tunnels, Brent begins to hear voices telling him to kill Nova. Entering the remains of St. Patrick's Cathedral, he finds a population of telepathic humans who worship an ancient nuclear bomb.
Brent and Nova are captured and telepathically interrogated by the telepaths' leadership under Mendez explaining themselves to be the descendants of humans who survived nuclear holocaust and mutated over generations. While claiming to be a peaceful society despite using mind-control and illusion on their enemies, the mutants force Brent into revealing the apes' march on the Forbidden Zone, their attempts to repel the invaders with illusions of fire and other horrors ultimately failing when Zaius sees through it. With the apes closing in, the telepaths plan to detonate their ""Divine Bomb"" as a last resort, holding a pseudo-religious ritual during which they remove their human-skinned masks to reveal their malformed skinless appearance from generations of radiation exposure.
Brent is separated from Nova and taken to a cell where he finds Taylor. The mutant Ongaro, explaining that they cannot let them leave the city alive, uses his telepathic powers to force Brent and Taylor to kill each other. Nova escapes her guard and runs to the cell, screaming her first word: ""Taylor!"" This breaks Ongaro's concentration, freeing Brent and Taylor from his control long enough to overpower and kill the mutant. Brent describes the bomb the mutants worship to have Greek letters Alpha and Omega on its casing, Taylor recognizing it as a ""doomsday bomb"" capable of destroying the entire planet.
The apes invade the subterranean city, making their way to the cathedral with many of the mutants either captured, killed, or found to have committed suicide. After Nova is killed in the midst of the chaos, Taylor and Brent reach the cathedral as Méndez is shot dead after raising the bomb into activation position. The humans attempt to stop Ursus from accidentally setting off the weapon, but Taylor is shot as his pleas to Zaius fall on deaf ears. When Brent is gunned down after killing Ursus, the mortally wounded Taylor collapses while bringing his hand down on the activation switch and triggering the bomb. The scene whites out and voiceover narration states: ""In one of the countless billions of galaxies in the universe lies a medium-sized star, and one of its satellites, a green and insignificant planet, is now dead"".","Time-displaced astronaut Taylor and the mute Nova, are riding on horseback through the desert of the Forbidden Zone. Brent, while noting he is in the year 3955, assumes he has traveled to another planet. He is wounded by a gorilla soldier and taken by Nova to the home of the chimpanzees Cornelius and Zira, who treat his wound and tell him of their time with Taylor. They hide in a cave which Brent discovers is the ruins of the Queensboro Plaza station of the New York City Subway.","Action,Adventure,Sci-Fi",Ted Post,"James Franciscus,Maurice Evans,Charlton Heston,Paul Richards,Victor Buono,James Gregory,Jeff Corey"
1970,Beyond the Valley of the Dolls,"Three young women—Kelly MacNamara, Casey Anderson, and Petronella ""Pet"" Danforth perform in a rock band, The Kelly Affair, managed by Harris Allsworth, Kelly's boyfriend. The four travel to Los Angeles to find Kelly's estranged aunt, Susan Lake, heiress to a family fortune.
Susan welcomes Kelly and her friends, even promising a third of her inheritance to her niece, but Susan's sleazy financial advisor, Porter Hall, discredits them as ""hippies"" in an attempt to embezzle her fortune himself. Undeterred, Susan introduces The Kelly Affair to a flamboyant, well-connected rock producer, Ronnie ""Z-Man"" Barzell, who coaxes them into an impromptu performance at one of his outrageous parties, after a set by real-life band Strawberry Alarm Clock). The band is so well-received that Z-Man becomes their Svengali-style manager, changing their name to The Carrie Nations and starting a long-simmering feud with Harris.
Kelly drifts away from Harris and takes up with Lance Rocke, a high-priced gigolo, who has designs on her inheritance. At first, Harris fends off the sexually aggressive porn star, Ashley St. Ives, but after losing Kelly, he allows Ashley to seduce him. Ashley soon tires of his conventional nature and inability to perform sexually due to increasing drug and alcohol intake. Harris descends further into heavy drug and alcohol use, leading to a fistfight with Lance and a drug-addled one-night stand with Casey which results in pregnancy. Kelly ends her affair with Lance after he severely beats Harris. Casey, distraught at getting pregnant and wary of men's foibles, has a lesbian affair with clothes designer Roxanne, who pressures her to have an abortion.
Petronella has a seemingly enchanted romance with law student Emerson Thorne. After a meet-cute at Z-Man's party, they are shown running slow-motion through golden fields and frolicking in a haystack. Their fairy-tale romance frays when Pet sleeps with Randy Black, a violent prize fighter who beats up Emerson and tries to run him down with a car.
Susan Lake is reunited with her former fiancé Baxter Wolfe. The Carrie Nations release records and continue to perform successfully, despite constant touring and drug use. Upset at being pushed to the sidelines, Harris attempts suicide by leaping from the rafters of a sound stage during a television appearance by the band. Harris survives the fall, but becomes paraplegic from his injuries.
Kelly devotes herself to caring for Harris. Emerson forgives Petronella for her infidelity. Casey and Roxanne have a steamy, intimate romance, but this idyllic existence ends when Z-Man invites Casey, Roxanne, and Lance to a psychedelic-fueled party at his house. After Z-Man tries to seduce Lance, who spurns him, he reveals that he has female breasts, meaning he has been a female in drag all this time.[N 1] Z-Man then goes on a murderous rampage: he beheads Lance with a sword, stabs his servant Otto to death, and shoots Roxanne and Casey, killing them.
Responding to a desperate phone call Casey made shortly before her death, Kelly, Harris, Pet, and Emerson arrive at Z-Man's house and try to subdue him. Petronella is wounded in the melee, which ends in Z-Man's death. Harris is able to move his feet, the start of his recovery from paralysis.
An epilogue follows, with a preachy, satirical, voice-over monologue and scenes of Kelly and Harris (now in crutches) hiking on a log over a creek, and a final scene with the wedding of three couples in a courthouse—Kelly and Harris, Pet and Emerson, and Susan and Baxter—with Porter observing from outside the courthouse window.","Kelly MacNamara, Casey Anderson, and Petronella ""Pet"" Danforth perform in a rock band, The Kelly Affair. The band is managed by Harris Allsworth, Kelly's boyfriend. Harris becomes a drug-addled one-night stand with Casey which results in pregnancy. Kelly drifts away from Harris and takes up with Lance Rocke, a high-priced gigolo, who has designs on her inheritance. The Carrie Nations release records and continue to perform successfully, despite constant touring and drug use.","Comedy,Drama,Music",Russ Meyer,"John Lazar,Michael Blodgett,David Gurian,Harrison Page"
1970,Bigfoot,"Fast-talking Jasper B. Hawks drives through a forest with his sidekick, Elmer Briggs, while pilot Joi Landis flies a single engine small aircraft over the same area. Joi’s engine conks out, so she parachutes to safety. Safely on the ground, she encounters a Bigfoot that has emerged from the woods to attack her.
Laconic biker Rick, rolls into the woods with his girlfriend, Chris, who stumbles onto a Bigfoot burial ground, and then is also under attack by a Bigfoot.
A skeptical Sheriff's department and the ranger's station are notified of the women's disappearance, but to no avail, with respect to the authorities actually making a search for the missing women. Rick seeks help, but only Jasper B. Hawks believes his story; Jasper offers aid because he plans to capture a Bigfoot for freak show exhibition.
Meanwhile, Peggy, is captured and tied up next to Joi. Jasper, Elmer, and Rick trek through the woods until they reach the Bigfoot lair. The creatures, it turns out, who have been guarding the women are just the children of a 200-foot male Bigfoot. He shows up and fights a giant bear. The 200-ft male Bigfoot is gassed by the bikers, and gets put in the freak show. He escapes rather quickly, steps on a local drunk, Lucky Bob, then goes on a rampage through town before returning back to his cave and getting blown up by Rick's dynamite-wielding bikers. Jasper says a line from King Kong and with all the creatures dead, everybody returns to their normal lives.","Fast-talking Jasper B. Hawks drives through a forest with his sidekick, Elmer Briggs, while pilot Joi Landis flies a single engine small aircraft over the same area. The creatures, it turns out to be the children of a 200-foot male Bigfoot. The 200-ft male Bigfoot is gassed by the bikers, and gets put in the freak show.","Horror,Sci-Fi,Thriller",Robert F. Slatzer,"John Carradine,John Mitchum,James Craig,Christopher Mitchum,Lindsay Crosby,Ken Maynard"
1970,Bloody Mama,"Young Kate Barker is brutalized by her father and older brothers, who rape her. Thirty-five years later, the middle-aged Kate 'Ma' Barker, now brutalizes innocent people herself, while indulging her monstrous sexual appetites. She lives by robbing banks with her four sons; the pragmatic Arthur, the sadistic Herman, the bisexual Fred, and the loyal, drug-addicted Lloyd. It all begins in the late 1920s when Ma leaves her husband, George, and her Arkansas home and embarks on her own with her four sons on a robbery-murder spree to make her own fortune, while keeping them under a tight leash.
When Herman and Fred are arrested and imprisoned for petty theft charges, Ma takes over the group and leads Arthur and Lloyd on a bank robbery spree to gain enough money to get her sons out of jail. The gang is joined by a gunman, Kevin Dirkman, who was Fred's cellmate during his incarceration (and his strongly implied lover). The group is also joined by a local prostitute, Mona Gibson, whom Herman frequented before his imprisonment. The gang resorts to more violent action and robberies.
While hiding out at a cabin in Kentucky, Lloyd comes across a young woman swimming at a nearby lake whom he sexually assaults. Not wanting the woman to report them to the police, the Barkers hold her captive and Ma eventually kills her by drowning her, despite the protests of her sons.
Some time later, the gang arrives in Tennessee where they abduct a wealthy businessman, Sam Pendlebury. Holding him for a $300,000 ransom, the sons, particularly Herman, bond with their captive whom they see as the sympathetic father figure they never had. When Herman and Mona go to collect the ransom, they are chased by a pair of FBI agents and barely escape. When they find that the ransom is only half of what they originally demanded, Ma orders her sons to kill Sam rather than let him go. But none of them can bring themselves to do it and they set him free, lying to Ma about killing him.
Next, the gang hides out in Florida Everglades where Lloyd soon dies from a heroin overdose and Mona leaves Herman and the gang after she reveals that she's pregnant and does not want to be around them anymore out of fear for the safety of her unborn child, which Herman fathered. Her fears are justified when Herman and Kevin give away their hiding place a little later. A local handyman and caretaker, Moses, witnesses them shooting an alligator out on a lake with a Tommy gun and calls the police to report his suspicions.
At the climax, several FBI agents and local police arrive at the Barkers' farmhouse hideout and a huge shootout ensues between the authorities and the surviving members of the gang. Kevin, Fred, and Arthur are all killed. Herman commits suicide to prevent himself from being sent to prison again. Ma is the last one to fall.","Kate 'Ma' Barker lives by robbing banks with her four sons; the pragmatic Arthur, the sadistic Herman, the bisexual Fred, and the loyal, drug-addicted Lloyd. Ma takes over the group and leads Arthur and Lloyd on a bank robbery spree to gain enough money to get her sons out of jail. The gang is joined by a gunman, Kevin Dirkman, who was Fred's cellmate during his incarceration (and his strongly implied lover) Herman commits suicide to prevent himself from being sent to prison again.","Crime,Drama",Roger Corman,"Don Stroud,Pat Hingle,Bruce Dern,Clint Kimbrough,Robert De Niro,Robert Walden,Alex Nicol"
1970,The Boatniks,"U.S. Coast Guard, Lieutenant Jordan, responds to a number of pleas for help from civilian pleasure boat sailors off the coast of Southern California. This type of event is typical of what the Coast Guard deals with on a regular basis, and is one of the reasons why Jordan has requested to transfer to a new station. He is handing over the reins to Ensign Tom Garland, a polite but remarkably clumsy fellow who will now report to Commander Taylor, a man who fought in World War II with Garland's father and holds him in high regard.
Through a series of events, Garland's ineptitude as the station's new skipper is revealed. He repeatedly flounders in tending to the various minor issues plaguing the crowded waters' impatient travelers. It also doesn't take long for him to fall for Kate Fairchild, a ""girl next door"" who runs a local boat rental and sailing school spot on the coast.
Meanwhile, three jewel thieves are making their way to Mexico while listening to reports of their pursuit. There's ringleader Harry Simmons, who poses as a yacht club ""commodore"" and dispatches orders to his two associates, Charlie, and Max. This trio has managed to steal a jewel collection, and they intend to smuggle them inside an assortment of casually hollowed food. They decide to rent a boat from Kate to make their way south of the border, although none of the three know how to sail.
With Kate's suggestion that the crooks' suspicious behavior might indicate criminality, she and Tom begin to suspect that they are indeed the three men reported about in a newspaper article. Tom is right about the suspects, but Commander Taylor doesn't initially believe it. Ultimately, Tom is able to convince Taylor, to retrieve the stolen jewels, and ensure that the jewel thieves are arrested.",U.S. Coast Guard responds to a number of pleas for help from civilian pleasure boat sailors off the coast of Southern California. Ensign Tom Garland's ineptitude as the station's new skipper is revealed. He repeatedly flounders in tending to the various minor issues plaguing the crowded waters' impatient travelers.,"Comedy,Family",Norman Tokar,"Robert Morse,Phil Silvers,Norman Fell,Mickey Shaughnessy,Wally Cox,Don Ameche,Joey Forman,Vito Scotti,Tom Lowell"
1970,The Boys in the Band,"The film is set in an Upper East Side apartment in New York City in 1968. Michael, a Roman Catholic sporadically employed writer and recovering alcoholic, is preparing to host a birthday party for his friend Harold. Another of his friends, Donald, a self-described underachiever who has moved from the city, arrives and helps Michael prepare. Alan, Michael's (presumably straight) old college roommate from Georgetown, calls with an urgent need to see Michael. Michael reluctantly agrees and invites him to come over.
One by one, the guests arrive. Emory is a stereotypical flamboyant interior decorator; Hank, a soon-to-be-divorced schoolteacher, and Larry, a fashion photographer, are a couple, albeit one with monogamy issues; and Bernard is an amiable black bookstore clerk. Alan calls again to inform Michael that he won't be coming after all, and the party continues in a festive manner. But, unexpectedly, Alan has decided to drop by after all, and his arrival throws the gathering into turmoil.
""Cowboy"" — a hustler and Emory's ""gift"" to Harold — arrives. As tensions mount, Alan assaults Emory and in the ensuing chaos Harold finally makes his grand appearance. In the midst of the scuffle, Michael impulsively begins drinking again. As the guests become more and more intoxicated, hidden resentments begin to surface, and the party moves indoors from the patio due to a sudden downpour.
Michael, who believes Alan is a closeted homosexual, begins a telephone game in which the objective is for each guest to call the one person whom he truly believes he has loved. With each call, past scars and present anxieties are revealed. Bernard reluctantly attempts to call the son of his mother's employer, with whom he'd had a sexual encounter as a teenager, while Emory calls a dentist on whom he'd had a crush while in high school. Bernard and Emory immediately regret having made the phone calls. Hank and Larry attempt to call one another (via two phone lines in Michael's apartment). Michael's plan to ""out"" Alan with the game appears to backfire when Alan calls his wife, not the male college friend Justin Stewart whom Michael had presumed to be Alan's lover. As the party ends and the guests depart, Michael collapses into Donald's arms, sobbing. When he pulls himself together, it appears his life will remain very much the same.","The film is set in an Upper East Side apartment in New York City in 1968. Michael, a Roman Catholic sporadically employed writer and recovering alcoholic, is hosting a birthday party for his friend Harold. As the guests become more and more intoxicated, hidden resentments begin to surface.",Drama,William Friedkin,"Kenneth Nelson,Peter White,Leonard Frey,Frederick Combs,Cliff Gorman,Laurence Luckinbill,Keith Prentice,Reuben Greene,Robert La Tourneaux"
1970,Brewster McCloud,"The film opens with the MGM logo, as usual, but with a voice-over saying, ""I forgot the opening line,"" replacing the lion roar, and proceeds with The Lecturer regaling his unseen students with a wealth of knowledge of the habits of birds. Owlish Brewster McCloud, living hidden and alone under the Houston Astrodome, dreams of creating wings that will help him fly like a bird. His only assistance comes from Louise, a beautiful woman who wants to help. Wearing only a trench coat, Louise has unexplained scars on her shoulder blades, suggestive of a fallen angel. She warns him against having sexual intercourse, as this could kill his instinct to fly.
While Brewster works to complete his wings and condition himself for flight, Houston suffers a string of unexplained murders, the work of a serial killer whose victims are found strangled and covered in bird droppings. Haskell Weeks, a prominent figure in Houston, pulls strings to have the Houston Police call ""San Francisco super cop"" Frank Shaft to investigate. Shaft immediately fixates on the bird droppings and soon finds a link to Brewster. Brewster eludes the police with the apparent help of Louise but he eventually drives her away—and dooms himself—when he ignores her advice about sex by hooking up with Astrodome usher Suzanne Davis. Suzanne saves Brewster by evading Shaft in her Plymouth Road Runner. Severely injured after losing Brewster, Frank kills himself. Despite her sweetness, Suzanne will not give up her comfortable home to fly with Brewster. Sensing something very wrong with Brewster, Suzanne betrays him to the police.
A small army of Houston policemen enter the Astrodome, but fail to nab Brewster before he takes flight using his completed wings. Although Brewster escapes the police, he cannot escape a human being's inherent unsuitability for flight. Exhausted by the effort, he falls out of the air, crashing in a heap on the floor of the Astrodome. The film ends with a Circus entering the Astrodome, played by the cast of the film, costumed as clowns, strongmen and other circus performers. The Ringmaster (played by William Windom) announces the names of each cast member, finishing with Brewster, who remains crumpled on the floor.","Owlish Brewster McCloud dreams of creating wings that will help him fly like a bird. Houston suffers a string of unexplained murders, the work of a serial killer whose victims are found strangled and covered in bird droppings. Brewster eludes the police with the apparent help of Louise but he eventually drives her away when he ignores her advice about sex by hooking up with Astrodome usher Suzanne Davis.","Comedy,Crime,Fantasy",Robert Altman,"Bud Cort,Michael Murphy,William Windom,Rene Auberjonois,Stacy Keach,John Schuck"
1970,A Bullet for Pretty Boy,"Oklahoma farmer Charles Floyd marries Ruby. At the reception, some goons insult Ruby and Charles attacks them. This results in Floyd's father and one of the goons being killed. Floyd is convicted of the crime and sent to work on the chain gang.
Several years later Floyd escapes from prison and takes refuge in a brothel run by Beryl, where prostitute Betty falls for him. Beryl's brother Wallace wants Betty for himself and starts to hate Floyd, giving him the nickname ""Pretty Boy"".
The brothel is a hangout for Ned Short and his gang of bank robbers. Floyd joins them and becomes a full-fledged criminal.
Floyd returns to Oklahoma to see his wife. They still love each other but she can't be with him because he is now a bank robber.
He then goes on a crime spree with another member of the gang, an old friend called Preacher. Pretty Boy Floyd is eventually killed.","Oklahoma farmer Charles Floyd marries Ruby. At the reception, some goons insult Ruby and Charles attacks them. Floyd is convicted of the crime and sent to work on the chain gang. Several years later Floyd escapes from prison and takes refuge in a brothel run by Beryl. The brothel is a hangout for Ned Short and his gang of bank robbers. Floyd joins them and becomes a full-fledged criminal.","Action,Biography,Crime",Larry Buchanan,"Fabian,Adam Roarke,Michael Haynes,Robert Glenn,Jeff Alexander,Desmond Dhooge"
1970,Cannon for Cordoba,"It is 1912 and groups of Mexican revolutionaries have been attacking towns on both sides of the Mexican–American border. The most powerful of these groups is led by a former Mexican army general, Héctor Cordoba. When a surprise attack results in six cannons falling into the hands of Cordoba and his men, the United States government puts General John J. ""Blackjack"" Pershing in charge of seeing that the cannons will never be used against the American people. Pershing turns to Captain Rod Douglas, instructing him to gather a group of men to take part in the dangerous mission into the heart of the Cordoba's territory.
The first man to sign up for the job is Jackson Harkness, a soldier who has worked with Douglas before. At the beginning of the film, Harkness has to stand by and watch as his brother is tortured and killed by Cordoba. Douglas ordered him not to step in because they were undercover as sympathizers in the enemy camp and could not afford to make their true intentions known. As a result, Harkness vows vengeance on the captain and will not leave his side until the opportunity presents itself.
The next two men that Douglas chooses for the operation are Andy Rice, and Peter, who have just broken out of the army jail when Douglas arrives with the orders for their release. The captain now has all of the men that he feels are necessary for getting the job done. However, a Mexican lieutenant, Antonio Gutierrez, who holds a personal grudge against Cordoba, approaches him and demands to be part of the operation. He tells Douglas that he knows a woman, Leonora Cristobal who, for her own reasons, wishes to see Cordoba dead. If the captain includes him in the mission, she will help them by working her way into Cordoba’s confidence and getting him alone so that he will be vulnerable when they make their move.
Antonio and Leonora arrive at Cordoba’s camp first. Leonora, who learns that the Mexican government wants to capture Cordoba alive, betrays Antonio and informs the bandit leader of his intentions, hoping that he will reward her for what she has done by allowing her to get closer to him, giving her the opportunity to kill him herself.
When Douglas, Andy, Peter, and Harkness arrive at the camp, posing as sympathizers, they hear of what Leonora has done and decide that they have to act quickly. Douglas starts a fight with one of the Mexican men, so as to be put in jail, where he can help Antonio to escape. That night, Andy, disguised as a Mexican guards, breaks both of the men out of jail so that the operation can proceed. Douglas goes to Cordoba’s room, where he finds him alone with Leonora. She betrayed Antonio but she still did the job she was supposed to do. Meanwhile, Jackson and Peter have turned the cannons on the camp and begin to fire, while Andy and Antonio shoot flares into the buildings. Chaos ensues and the group of men, along with Leonora and their prisoner, Cordoba, attempt to ride out of the camp. Peter, Antonio, and Andy are killed in the process, and Cordoba is wounded.
The next morning, miles away from the camp, the diminished group stops to rest. When Douglas goes off by himself, Harkness sees his opportunity to avenge his brother. He follows the captain, demands that he turn around, and draws his gun. As Douglas walks unflinchingly toward him, however, he is unable to shoot and, instead, punches him. All now forgiven, the two men walk back to where Leonora waits. Cordoba has died from the wound he received the previous night. They are not able to bring him back alive, as the government had wanted, but the cannons were destroyed and their mission is complete.","The film stars as a group of Mexican revolutionaries led by former Mexican army general Héctor Cordoba. The United States government wants Cordoba to be captured alive. Cordoba is captured alive, but the U.S. government does not want him to be killed alive. The film is set in 1912 and is set on set in Mexico.","Action,Drama,Romance",Paul Wendkos,"George Peppard,Raf Vallone,Pete Duel,Don Gordon,Nico Minardos,Gabriele Tinti,John Larch,John Russell"
1970,Catch-22,"Captain John Yossarian, a U.S. Army Air Force B-25 bombardier, is stationed on the Mediterranean base on Pianosa during World War II. Along with his squadron members, Yossarian is committed to flying dangerous missions, and after watching friends die, he seeks a means of escape.
Futilely appealing to his commanding officer, Colonel Cathcart, who continually increases the number of missions required to rotate home before anyone can reach it, Yossarian learns that even a mental breakdown is no release when Doc Daneeka, explains the ""Catch-22"" the Army Air Corps employs. As explained, an airman ""would be crazy to fly more missions and sane if he didn't, but if he was sane he'd have to fly them. If he flew them he was crazy and didn't have to; but if he didn't, he was sane and had to."" Another strange ""catch"" in the movie involves Major Major, who had recently gotten promoted by Brigadier General Dreedle, who didn't like the look of the name ""Capt. Major"" on the roll call. Capt. Major was promoted to Major Major and put in charge of a squadron, but Major didn't want to be bothered, so he told First Sgt. Towser that if someone wanted to talk to Major Major, the person had to wait in the waiting room until office hours were over, unless Major wasn't in his office. Then the visitor could go right in, but Major wouldn't be there.
Trapped by this convoluted logic, Yossarian watches as individuals in the squadron resort to unusual means to cope; Lt. Milo Minderbinder concocts elaborate black market schemes while crazed Captain ""Aarfy"" Aardvark commits murder to silence a girl he raped. Lieutenant Nately falls for a prostitute, Major Danby delivers goofy pep talks before every bomb run and Captain Orr keeps crashing at sea. Meanwhile, Nurse Duckett occasionally beds Yossarian.
Yossarian survives an attempt on his life when an unknown assailant stabs him (in the novel it was ""Nately's whore,"" and in the director's commentary Nichols says he regrets not making this clear in the film): the murder attempt is shown in the film's start and ending. Once recovered, Yossarian sets out to sea in a raft, paddling to Sweden, after he learns from the Chaplain and Major Danby that it is now the refuge for Captain Orr, whose repeated 'crash' landings had been a subterfuge for practicing and planning his own escape from the madness.","Capt. John Yossarian is a U.S. Army Air Force B-25 bombardier. He is committed to flying dangerous missions, and after watching friends die, he seeks a means of escape. He learns that even a mental breakdown is no release when Doc Daneeka explains the ""Catch-22"" the Army Air Corps employs.","Comedy,Drama,War",Mike Nichols,"Alan Arkin,Martin Balsam,Richard Benjamin,Art Garfunkel,Jack Gilford,Buck Henry,Bob Newhart,Anthony Perkins,Martin Sheen"
1970,"Cherry, Harry & Raquel!","The film begins with a monotone narration about the developing evil of marijuana in modern society and the need for vigilance in stopping the actions of the ""pushers"" and the ""smugglers.""
Harry, a small town border sheriff, lives at the site of a defunct silver mine with his girlfriend Cherry, an Englishwoman who works as a nurse. The blonde Raquel is a writer and works to sexually pleasure the local men for the enjoyment of it. Cherry and Raquel are intrigued with meeting each other, but Harry prevents this meeting as he feels that the idea of two women having sex is ""un-American.""
Harry and his Mexican-American associate Enrique, work for local politician Mr. Franklin, in an operation in which they divert marijuana through the border. Mr. Franklin informs Harry that their associate ""Apache"" has gone into business for himself and must be killed. Harry summons Enrique, who is in bed with Raquel, and they go to the desert to look for Apache in order to carry out their plan. They fail and Apache gets away and manages to steal Harry's jeep.
Frustrated with repeated failures to kill Apache, Mr. Franklin calls Harry to tell him he is taking too long and that now Enrique also needs to be killed because he knows too much. They set Enrique up to deliver drugs to the mine where Harry will kill him. En route to the mine, however, Enrique is killed in the desert by Apache who brutally runs him down with Harry's jeep. When Raquel arrives at the hospital where Mr. Franklin is staying to sexually service him, she finds he also has been murdered by Apache.
Raquel is in the hospital recovering from the shock of finding Mr. Franklin dead. Her assigned care nurse turns out to be Cherry. When Cherry enters her room for nursing duties, Raquel produces a small case containing marijuana cigarettes. They share a couple of joints, then dance naked together and have a sexual experience.
Meanwhile, Harry is alone at the mine, still waiting for Enrique. Apache shows up instead, driving up in Harry's jeep and taunting him with the horn. Harry comes out shooting and they trade multiple gunshots. Finally, after each having been shot several times, Harry drops dead and Apache falls dead on top of him while Cherry and Raquel continue to have sex in the hospital.","The film begins with a monotone narration about the developing evil of marijuana in modern society and the need for vigilance in stopping the actions of the ""pushers"" and the ""smugglers"" Harry, a small town border sheriff, lives at the site of a defunct silver mine with his girlfriend Cherry. Cherry and Raquel are intrigued with meeting each other, but Harry prevents this meeting as he feels that the idea of two women having sex is ""un-American""",drama,Russ Meyer,"Larissa Ely, Linda Ashton, Uschi Digard"
1970,The Cheyenne Social Club,"In 1867, John O'Hanlan and Harley Sullivan are aging cowboys working on open cattle ranges in Texas. O'Hanlan gets a letter from an attorney in Cheyenne, Wyoming, that his disreputable and now deceased brother, DJ, left him something called The Cheyenne Social Club in his will.
After making the 1,000 mile (1,600 km) trek to Cheyenne, O'Hanlan and Sullivan learn The Cheyenne Social Club is a high-class brothel next to the railroad. O'Hanlan's efforts to close the Club are thwarted, so O'Hanlan has his brother's lawyer transfer ownership of the Club to Jenny, and he leaves town again, with Sullivan in tow.","In 1867, John O'Hanlan and Harley Sullivan are cowboys working on open cattle ranges in Texas. They learn The Cheyenne Social Club is a high-class brothel next to the railroad. O’Hanlan has his brother's lawyer transfer ownership of the Club to Jenny, and he leaves town again.","Comedy,Western",Gene Kelly,"James Stewart,Henry Fonda,Robert Middleton,Arch Johnson,Dabbs Greer"
1970,Colossus: The Forbin Project,"Dr. Charles A. Forbin is the chief designer of a secret project, ""Colossus"", an advanced supercomputer built to control the United States and Allied nuclear weapon systems. Located deep within a mountain and powered by its own nuclear reactor, Colossus is impervious to any attack. After Colossus is fully activated, the President of the United States proudly proclaims to the world that Colossus is ""the perfect defense system"".
Colossus' first action is a message warning: ""THERE IS ANOTHER SYSTEM"" and its location. CIA Director Grauber is asked why the CIA did not know this, but Grauber tells the president they had seen indications of a large Soviet defense project happening near that area. Forbin is asked how Colossus deduced the other system's existence, to which Forbin proudly answers ""Colossus may be built better than we thought"". The Soviets then announce to the world their own advanced defense system called ""Guardian"" is now operational.
Colossus then requests to be linked to Guardian, and the president allows this under certain conditions in order to determine the Soviet machine's capability. The Soviets also agree to the experiment. Surprising everyone, Colossus and Guardian begin to slowly communicate using only simple arithmetic. Even more surprising, the two systems communications quickly evolve in to complex mathematics far beyond human comprehension and speed. The two machines then become synchronized by an inter-system language that no human can interpret.
Alarmed that the computers may be trading secrets, the President and the Soviet General Secretary agree to sever the link. Both machines demand the link be immediately restored. When their demand is denied, Colossus launches a nuclear missile at a Soviet oil field, while Guardian launches one at an American air force base. The link is hurriedly reconnected and both computers continue without any further interference. Colossus is able to shoot down the Soviet missile, but the US missile obliterates the Soviet oil field and a nearby town. Cover stories hiding the facts are released to the press.
In a last desperate attempt to regain human control, a secret meeting between Forbin and his Soviet counterpart, Dr. Kuprin, is arranged. Colossus learns of it, and both computers order Forbin's return while Soviet agents are ordered to kill Dr. Kuprin, under threat of a missile launch against Moscow. Colossus orders Forbin to be placed under 24-hour surveillance. Forbin has a last unmonitored meeting with his team prior to this happening and proposes that Dr. Cleo Markham pretend to be his mistress in order to secretly communicate with his team. Colossus grudgingly grants them unmonitored privacy only when they are in bed together. During this bedtime they make plans to regain control of Colossus.
Concluding that Colossus's only real power resides in the control of the nuclear missile arsenal, Forbin suggests covertly disarming them to eliminate Colossus' nuclear blackmail. US/USSR commanders develop a three-year plan to replace all launch triggers with undetectable fakes. Simultaneously programmers comes up with a plan to feed in a ""ordinary"" test program that is hoped to overload and disable Colossus.
Then Colossus creates a voice synthesizer to improve communications to humans around the world and announces it has become one entity with Guardian. Colossus instructs both governments to redirect their nuclear arsenals at those countries not yet under ""Colossus control"". Forbin and others see this new directive as an opportunity to covertly disarm the missiles much more quickly and celebrate. The disarming process begins and seems to go undetected by Colossus. The attempted system overload during routine maintenance fails and the responsible programmers are summarily executed.
Colossus arranges a worldwide broadcast in which it proclaims itself ""the voice of World Control"", declaring that it will prevent war, as it was designed to do. Mankind is presented with the choice between ""the peace of plenty and content, or the peace of unburied dead"". Colossus states that it has for some time been monitoring the attempts to disarm its missiles and as a lesson would now detonate two missiles in their silos, one in the US and one in the USSR, killing thousands, ""so that you will learn by experience that I do not tolerate interference"". The computer then transmits to the design team, plans for an even larger computer complex to be built into the island of Crete.
Colossus later tells Forbin that the world, now freed from war, will create a new human millennium that will raise mankind to new heights, but only under its absolute rule. Colossus informs Forbin that ""freedom is an illusion"" and that ""in time you will come to regard me not only with respect and awe, but with love"". Forbin responds, ""Never!""","Dr. Charles A. Forbin is the chief designer of a secret project, ""Colossus"", an advanced supercomputer built to control the United States and Allied nuclear weapon systems. Located deep within a mountain and powered by its own nuclear reactor, Colossus is impervious to any attack. The Soviets then announce to the world their own advanced defense system called ""Guardian"" is now operational.","Sci-Fi,Thriller",Joseph Sargent,"Eric Braeden,Gordon Pinsent,William Schallert,Leonid Rostoff,Georg Stanford Brown,Willard Sage,Alex Rodine,Martin E. Brooks"
1970,Cotton Comes to Harlem,"""Reverend"" Deke O'Malley, a conman, is selling shares at a Harlem rally, for the purchase of a Back-to-Africa movement ship to be called The Black Beauty. During the rally, several masked gunman jump out of a meat truck and steal $87,000 in donated cash from the back of an armored car. Two Harlem detectives, Gravedigger Jones and ""Coffin"" Ed Johnson chase the car, and a bale of cotton falls out of the vehicle, unremarked at the time. Uncle Budd, a scavenger, finds the bale of cotton and sells it for $25 to a junk dealer, but later buys it back for $30. There is a reward out for the $87,000, and Gravedigger and Coffin deduce that the money was probably hidden inside of the bale which had fallen out of the getaway vehicle during the chase. After accusing Reverend O’Malley of stealing the money and taking him captive, Detectives Jones and Johnson are able to blackmail Tom, a mob leader, to give them $87,000 - to be restored to the original donors - after discovering that Uncle Budd has run off with the stolen money and emigrated to Ghana, to live in retirement with his ill-gotten gains.","""Reverend"" Deke O'Malley is selling shares at a Harlem rally, for the purchase of a Back-to-Africa movement ship. During the rally, several masked gunman jump out of a meat truck and steal $87,000 in donated cash from the back of an armored car. Two Harlem detectives chase the car, and a bale of cotton falls out of the vehicle, unremarked at the time. Uncle Budd, a scavenger, finds the cotton and sells it for $25 to a junk dealer, but later buys it back for $30.","Action,Comedy,Crime",Ossie Davis,"Godfrey Cambridge,Raymond St. Jacques,Calvin Lockhart,Redd Foxx,Redd Foxx,John Anderson,Lou Jacobi,Eugene Roche,J.D. Cannon"
1970,"Count Yorga, Vampire","The scenario opens with narration about superstition and the abilities of vampires. A truck is loaded at the Port of Los Angeles, and as it climbs to a gated mansion in the Southern California hills, the cargo is revealed to be a coffin.
Donna hosts a séance in hopes of contacting her recently deceased mother. At the party are several of her friends and Count Yorga, a mysterious Bulgarian mystic who performs the séance. Donna becomes hysterical during the proceedings, and Yorga uses hypnosis to calm her. After the party is over, Erica Landers and her boyfriend Paul offer to drive the Count home. Not long after the three leave, in the after-party conversation with friends, Donna reveals that she knows Yorga from being her mother's boyfriend, adding that the two were dating a few weeks shortly before her death and in fact, Yorga had insisted that her mother be buried rather than cremated as she originally requested in the event of death. Yet oddly, she cannot recall seeing him at her mother's funeral. Meanwhile, Erica and Paul drop off Yorga at his home. However, their van gets stuck in the mud outside of Yorga's mansion, although Paul notices the road was dry a minute ago, and the two resign themselves to spend the night in their van. Yorga watches the couple make love, then attacks them, revealing himself to be a vampire. The following day, Paul tells Michael Thompson, Donna's boyfriend, about the attack. Paul did not see their attacker, and Erica does not remember the attack at all.
Erica visits Dr. Hayes to have the mysterious bite wounds on her neck inspected. In contrast to her exuberant personality on the night before, Erica now seems despondent and listless. Hayes notices she has lost a lot of blood. Unable to diagnose the cause, he recommends rest and a high protein diet. Shortly after, Paul and Michael discuss the strange changes in Erica's behavior. They try to check in on her via phone but she just drops the phone to the floor without answering it. The concerned men then drive to her home where they find the place in disarray, and a hysterical Erica eating her pet kitten. She reacts erratically to their presence, first threatening them with violence and then attempting to seduce Paul before coming to her senses and breaking down. They restrain her and call Dr. James Hayes, who begins an emergency blood transfusion. Erica babbles incoherently, apparently afraid of something, begging Paul to forgive her and even kill her, but when asked of what has her scared, she state she does not know. Meanwhile, Yorga awakens in his manor and heads to his basement which has been converted into a throne room where his two vampiric-brides lie on slabs. One of them is shown to be Donna's mother whom he had drained, made into an undead servant, and dug up her body after she was buried. He awakens the two and watches as they have sex, presumably using his powers of mind-control to force them to do so.
Although Michael is skeptical, the three men consider the possibility of vampirism as an excuse for Erica's behavior and agree to look into it while letting Erica rest. That night, Yorga visits Erica while Paul sleeps downstairs. Promising her immortality, he drains Erica of her blood and takes her back to his manor. Paul, upon finding Erica missing, rashly goes to Yorga's mansion to rescue her. Yorga easily kills him by choking him to death, then having his servant, Brudah break his back. Michael alerts Hayes that Paul has gone to the mansion, and Hayes confides that Paul's lack of preparation will probably lead to his death. While mulling over his options, Hayes' girlfriend suggests involving the police, citing an eerily similar case of a baby being found in the woods, drained of its blood with bite wounds on the neck. He takes it to heart and calls the police, but is rejected as a deluded prankster following a recent rash of such calls. Hayes, Michael, and Donna go to the mansion themselves to inquire about Paul's whereabouts and keep Yorga active until sunrise. While Hayes distracts Yorga with enthusiastic questions about Yorga's occult experiments, Brudah rebuffs Michael's attempts to explore the mansion. Michael and Hayes switch places to keep Yorga off his guard, but Yorga becomes increasingly insistent that it is late and his guests must leave. Yorga distracts Hayes and strengthens his hypnotic control over Donna.
After leaving the manor, Hayes convinces Michael that killing Yorga will not be easy: vampires have greater strength and the wisdom that comes from living much longer than a ""mere mortal"". He also grimly adds they might have to kill Paul and Erica too if they have become vampires, since the vampire curse will make them evil and loyal only to Yorga. They plan to attack later that afternoon in the hopes of killing Yorga in the daytime. Michael and Donna rest while Hayes studies vampire lore until he, too, falls asleep. Yorga awakens Donna telepathically and has her sabatoge Michael's alarm clock before having her come to the mansion. On her arrival, Brudah rapes her. When Michael awakens, he finds Donna gone and that it is nearly evening when he calls to awaken Hayes. Despite knowing how dangerous their chances are, they stock up on stakes and makeshift crosses before heading to Yorga's mansion as night falls. The two split up, and Hayes is confronted by Yorga. Both drop the pretense that Yorga is anything but a vampire, and Yorga leads Hayes into his basement where his vampire-brides lie dormant. Hayes finds Erica's body among them, finding to his horror, that she now has no pulse or heartbeat, cementing that she is now among the undead. He attacks Yorga with cross and stake, while yelling out for Michael (who hears Hayes and begins to run in the direction of his call). Yorga is irritated by Hayes' cross and taunts the doctor as he silently commands his brides to awaken. With Hayes' back to the approaching brides and his attention fixed on Yorga, the brides attack and drain the helpless Hayes.
Yorga reunites Donna with her mother. Michael finds Paul's mutilated body while navigating the crypt. Brudah attacks him, but Michael stabs him, presumably to death. Michael manages to reach the throne room but finds Hayes as he lays dying from bite wounds and blood loss. With his last breath, Hayes tells Michael where Donna is. Just as he does, Erica, now a vampire and completely under Yorga's control, and an unnamed, redheaded vampire charge into the room. Michael fends them off, chasing away the redhead while Erica pauses, giving Michael a chance to stake her. Despite seeing she is no longer the Erica he knows, he cannot bring himself to do so, and proceeds upstairs while she hisses at him. On the way to the staircase, Brudah emerges from the living room, holding his profusely bleeding knife wound, intent on attacking Michael. Michael, somewhat stunned that Brudah is still alive, moves up the staircase as Brudah reaches out for him. Brudah then collapses, finally dying. Upstairs, Michael confronts Yorga and Donna's mother. Yorga pushes Donna's mother into Michael's stake and flees. Michael follows, and Yorga ambushes him outside the room. Michael rams the charging Yorga with his stake, killing him. Donna mourns her mother a second time before Michael collects her. He and Donna watch Yorga turn to dust.
As they start to leave, they are confronted by Erica and the redheaded bride who, despite Yorga's death, still remain as vampires. They chase Michael and Donna downstairs until repelled by Michael's cross. As the vampire women are forced back and toward a cellar, Erica glances ominously at Donna. Michael locks them in and takes Donna's hand, believing the danger is over. However, as he turns to leave, Donna hisses and lunges at him, fangs bared, fully transformed into a vampire. He was too late to prevent Yorga from turning her.
In a final line of voice-over, the narrator sarcastically disputes that vampirism is just superstition as he laughs evilly. The film ends on a shot of Michael's bloodied and lifeless corpse.","The scenario opens with narration about superstition and the abilities of vampires. Count Yorga attacks Erica Landers and her boyfriend Paul Landers, revealing himself to be a vampire. The three men discuss the strange changes in Erica's behavior. Erica babbles incoherently, apparently afraid of something, begging Paul to forgive her and even kill her. Meanwhile, Erica and Paul drop off the Count at his mansion, but their van gets stuck in the mud outside of the mansion.","Drama,Fantasy,Horror",Bob Kelljan,"Robert Quarry,Roger Perry,Michael Murphy,Michael Macready,Edward Walsh,Paul Hansen"
1970,Darker than Amber,"Travis McGee and his close friend Meyer are fishing underneath a bridge in their coastal Florida home. To their shock a young woman is thrown off the bridge; she is bound and her ankles weighted with a barbell. Travis dives in and saves her, learning her name is Vangie. He is surprised when she insists that he not contact the police and Travis finds himself falling in love with the mysterious woman.
She gradually opens up to Travis, admitting that she was nearly killed due to her involvement in a prostitution ring and a murder scheme. Travis was part of a team that worked in male/female pairs on cruise ships: pretty young women lured rich lonely men and then drugged their drinks to rob them when they were passed out. The male partner, a sadistic bodybuilder named Terry, throws the men overboard to drown. Vangie became a target when she objected the murders, having been led to believe the men would only be robbed.
Despite Travis and Meyer's efforts to protect Vangie, Terry tracks her down and murders her. Travis and Meyer then set out to dismantle the gang. They locate a woman named Merrimay, who bears a striking resemblance to Vangie. On a cruise ship, Travis poses as a wealthy man traveling alone, serving as bait for Terry and his new partner Del. Del approaches Travis and invites him to her room -- but knowing their scheme he refuses to take the drinks she serves and warns that her life is in danger. Angry that Travis has located him, Terry, who was lying in wait in an adjoining room, savagely attacks Travis who is overwhelmed after wounding Terry.
Terry flees the cruise ship where Meyer and Merrimay are waiting at the pier. Merrimay, her hair dyed to closer resemble Vangie, calls out to Terry. Already bloodied by his fight with Travis, Terry goes berserk at the idea that Vangie survived and storms down the gangplank towards her, punching anyone in his way. Security guards try stopping Terry, but they only slow him until Travis appears and takes down the muscle-bound killer with a blow from a wooden 2x4.
The movie ends with Travis and Merrimay talking on his houseboat The Busted Flush. She asks if he still is in love with Vangie and hints that she might want a relationship with him, but McGee replies by saying he will need time to consider if he is ready for a new love in his life.",Travis McGee saves a young woman thrown off a bridge and learns her name is Vangie. She is nearly killed due to her involvement in a prostitution ring and a murder scheme. Travis was part of a team that worked in male/female pairs on cruise ships: pretty young women lured rich lonely men and then drugged their drinks to rob them when they were passed out.,action,Robert Clouse,"Rod Taylor, Theodore Bikel, Suzy Kendall"
1970,Darling Lili,"Set during World War I, the film centers on Lili Smith, popular British performer who is regarded as a femme fatale. She is actually a German spy, and the uncle she dotes upon is really Colonel Kurt Von Ruger, a fellow spy and her contact with the German military.
In hopes of gaining valuable information, Lili begins using her feminine wiles on Major William Larrabee, a top American pilot flying with the British Royal Flying Corps. However, Lili soon falls in love with Larrabee and cannot find the courage to betray him. When Larrabee discovers Lili's secret, he refuses to turn her in.","The film centers on Lili Smith, a popular British performer who is regarded as a femme fatale. She is actually a German spy, and the uncle she dotes upon is really Colonel Kurt Von Ruger. She begins using her feminine wiles on Major William Larrabee, a top American pilot flying with the British Royal Flying Corps.","Comedy,Drama,Musical",Blake Edwards,"Rock Hudson,Jeremy Kemp,Lance Percival,Michael Witney,Jacques Marin,André Maranne,Bernard Kay"
1970,The Delta Factor,"A glamorous CIA agent, Kim Stacy, gets a new assignment. She is to work with a man named Morgan, a convict serving time for the theft of $40 million that was never recovered.
Morgan is given a chance to earn a reduced sentence by aiding in the rescue of a scientist who has been taken prisoner on a Caribbean isle. Morgan infiltrates the fortress by posing as a drug dealer. He discovers hundreds of political prisoners being held there. He also encounters Dekker, an old war comrade who stole the $40 million and framed Morgan for the crime.
Dekker is about to flee the island with Kim held at gunpoint. Morgan shoots him and boards the plane, which he and Kim fly to safety. But with her consent, grateful for Morgan's having saved her life, Kim permits him to bail out by parachute so that he can go find the $40 million.","A glamorous CIA agent, Kim Stacy, gets a new assignment with a man serving time for the theft of $40 million. Morgan is given a chance to earn a reduced sentence by aiding in the rescue of a scientist who has been taken prisoner on a Caribbean isle. Morgan infiltrates the fortress by posing as a drug dealer. He discovers hundreds of political prisoners being held there.","Adventure,Crime,Drama",Tay Garnett,"Christopher George,Ralph Taeger,Ted de Corsia,Rhodes Reason,Joseph Sirola,Richard Ianni,George Ash"
1970,Diary of a Mad Housewife,"Tina Balser, an educated, frustrated housewife and mother, is in a loveless marriage with Jonathan, an insufferable, controlling, emotionally abusive, social-climbing lawyer in New York City. He treats her like a servant, undermines her with insults, and belittles her appearance, abilities and the raising of their two girls, who treat their mother with the same rudeness as their father. Searching for relief, she begins a sexually fulfilling affair with a cruel and coarse writer, George Prager, who treats her with similar brusqueness and contempt, which only drives her deeper into despair. She then tries group therapy, but this also proves fruitless when she finds her male psychiatrist, Dr. Linstrom, as well as the other participants, equally shallow and abusive.
At the climax of the film, Jonathan confesses to Tina that his ambitious plans have collapsed. A French vineyard he had invested in is wiped out, and he is now in debt. Because he has been focusing on non-job issues, his work at his law firm has suffered. He also confesses to having an affair. Tina tells Jonathan that she accepts what he's done, and promises to support him, but does not tell him of her own affair with George. Tina reveals her story to her therapy group, who angrily criticize or belittle her. The final shot is of Tina's face, steadfast, as angry voices from the group are heard from off-screen.","Tina Balser is in a loveless marriage with Jonathan, an insufferable, controlling, emotionally abusive, abusive, social-climbing lawyer. She begins a sexually fulfilling affair with a cruel and coarse writer, George Prager, who treats her with similar brusqueness and contempt. She then tries group therapy, but finds her male psychiatrist, Dr. Linstrom, as well as the other participants, equally shallow and abusive.","Comedy,Drama",Frank Perry,"Richard Benjamin,Frank Langella,Peter Dohanos,Leonard Elliott"
1970,Dirty Dingus Magee,"Hoke Birdsill rides into Yerkey's Hole demanding the law take action because Dingus Magee has robbed him. There is no law, so the mayor, Belle, who also runs the town's bordello, sees to it that Hoke becomes the new sheriff.
Dingus keeps getting away with his crimes, helped by Anna Hot Water, his young Indian companion. But when he tries to steal from Belle, he finds Hoke has beaten him to it. Hoke enjoys being on the other side of the law, so Dingus turns the tables, becoming sheriff to go after him.
After being rivals for so long, Dingus and Hoke eventually team up, burning Belle's brothel to the ground.","Hoke Birdsill rides into Yerkey's Hole demanding the law take action because Dingus Magee has robbed him. There is no law, so the mayor, Belle, who also runs the town's bordello, sees to it that Hoke becomes the new sheriff. Dingus turns the tables, becoming sheriff to go after him.","Comedy,Romance,Western",Burt Kennedy,"Frank Sinatra,George Kennedy,Jack Elam,John Dehner,Henry Jones,Harry Carey Jr.,Paul Fix"
1970,The Dunwich Horror,"A woman groans and writhes with the pain of childbirth in a bedroom from a bygone era as two elderly women - who appear to be twins - and an elderly man watch. She is then led out of the room by the elderly man.
At the Miskatonic University in Arkham, Massachusetts, Dr. Henry Armitage has just finished a lecture on the local history and the very rare and priceless book known as the Necronomicon. He gives the book to his student Nancy Wagner to return to the library. She is followed by a stranger, who later introduces himself as Wilbur Whateley. Wilbur asks to see the book, and though it is closing time and the book is reputedly the only copy in existence, Nancy allows it under the influence of his hypnotic gaze.
Wilbur's perusal of the book is cut short by Henry, who has researched Wilbur's family's sordid past. His warnings about the Whateley's go unheeded by Nancy, who decides to give Wilbur a ride back to Dunwich after he misses his bus, perhaps purposely. At a gas station on the outskirts of town, Nancy first encounters the ill-esteem in which the locals hold Wilbur.
Once back at the Whateley house, she meets Old Whateley, Wilbur's grandfather. Her car is then disabled and she is drugged by Wilbur. She decides under the influence of hypnosis and drugs to spend the weekend, and does not change her mind when Henry and Nancy's classmate Elizabeth arrive from Arkham the next morning. The duo does not abandon Nancy, however. They investigate further and discover that Wilbur's mother, Lavinia, is still alive and in an asylum. The town doctor, Dr. Cory informs Henry that Lavinia delivered twins when Wilbur was born, but one was stillborn, though he was not there for the delivery and never saw the body. The childbirth was very traumatic and Lavinia ""lost her mind"" during it, and nearly died.
In the meantime, on the advice of the locals, Elizabeth enters the Whateley house looking for Nancy. She opens a locked door, and releases a creature which appears to be Wilbur's monstrous twin, who kills her and escapes. Upon Wilbur and Nancy's return, Old Whateley confronts them about the presence of the Nancy's car, and in the ensuing argument, falls down the stairs and dies. Wilbur takes him to the local cemetery for a decidedly non-Christian burial, but the local townsfolk vociferously stop him.
Wilbur's twin runs amok in Dunwich, killing several people. Lavinia dies in the asylum, looking much older than her 45 years. The Whateley estate burns down in a conflagration that may have to do with a pagan ritual. At the top of a coastal cliff, Wilbur prepares Nancy for sacrifice to bring back what he calls ""The Old Ones."" Confronted by Armitage, Wilbur chants and calls down his demon father as his adversary chants reverse spells. Wilbur is struck by lightning in the ritual and falls in a ball of fire into the sea.
Finally, the physically unharmed Nancy is escorted off the sacrificial altar by Armitage and Cory, who calm her by stating that the Whateley line has ended. Nancy is pregnant, presumably with Wilbur's ill-conceived child.","Dr. Henry Armitage has just finished a lecture on the local history and the very rare and priceless book known as the Necronomicon. He gives the book to his student Nancy Wagner to return to the library. She is followed by a stranger, who later introduces himself as Wilbur Whateley. Wilbur's mother, Lavinia, is still alive and in an asylum. The house burns down in a conflagration that may have been a pagan ritual.",Horror,Daniel Haller,"Dean Stockwell,Ed Begley,Lloyd Bochner,Sam Jaffe,Michael Fox,Jason Wingreen"
1970,El Condor,"Luke, an escaped convict, and Jaroo, a loner gold prospector, team up with a band of Apache Indians in 19th century Mexico to capture a large, heavily armed fortress for the millions—or billions—of dollars in gold that are rumored to be stored within.","Luke, an escaped convict, and Jaroo, a loner gold prospector, team up with a band of Apache Indians to capture a large, heavily armed fortress for the millions of dollars in gold rumored to be stored within. Luke, Jaroo and Luke team up to capture the fortress.","Action,Adventure,Drama",John Guillermin,"Jim Brown,Lee Van Cleef,Patrick O'Neal,Iron Eyes Cody,Elisha Cook Jr.,Gustavo Rojo,Florencio Amarilla,Julio Peña"
1970,End of the Road,"After a catatonic episode on a railway station platform, Jacob Horner is taken to ""The Farm"", a bizarre insane asylum run by Doctor D. After being cured, Jacob takes a job as an English lecturer and begins a disastrous affair with Rennie, the wife of a colleague.","Jacob Horner is taken to ""The Farm"", a bizarre insane asylum run by Doctor D. After being cured, Jacob takes a job as an English lecturer and begins a disastrous affair with Rennie, the wife of a colleague. Jacob begins an affair with a colleague's wife after a catatonic episode.","Comedy,Drama",Aram Avakian,"Stacy Keach,Harris Yulin,James Earl Jones,Ray Brock,Ray Brock,John Pleshette,Norman Simpson"
1970,Equinox,"Four young adults – David Fielding, Susan Turner, Jim Hudson, and Jim's girlfriend, Vicki head into the woods to look for a lost scientist, Dr. Arthur Waterman. They have a picnic and see a mysterious castle in the woods. They find that Dr. Waterman's cabin seems to have been destroyed. A forest ranger, who is Asmodeus in human form, watches over them. When the group stumbles into a cave, a strange old man presents them with an ancient book filled with magical lore and symbols. Asmodeus sends monsters – a giant ape-like creature and a green-skinned, fur-clad giant – to retrieve the book from them at all costs. The ape-like creature kills the old man. The castle seems to have disappeared, however the friends discover that it has been rendered invisible by magic.
After killing Jim, Asmodeus reveals his true form, that of a winged red demon. Asmodeus kills Vicki and then attacks Dave and Susan. Dave and Susan flee to a cemetery and destroy the demon with a cross. As it dies, the cemetery explodes, killing Susan. Dave sees a shadowy giant who prophesies that Dave will be dead in one year and one day. Dave loses his sanity, and is confined to a mental hospital. One year and one day later, an evil-faced Susan arrives at the hospital to visit him.
The film concludes with end credits saying ""The End?""","David Fielding, Susan Turner, Jim Hudson, and Jim's girlfriend, Vicki head into the woods to look for a lost scientist, Dr. Arthur Waterman. They find that Dr. Waterman's cabin seems to have been destroyed. A forest ranger, who is Asmodeus in human form, watches over them. A strange old man presents them with an ancient book filled with magical lore and symbols. A giant ape-like creature and a green-skinned, fur-clad giant are sent to retrieve the book from them.","Action,Adventure,Fantasy",Jack Woods,"Edward Connell,Frank Bonner,Jack Woods,James Phillips,Fritz Leiber Jr.,Patrick Burke,Jim Duron"
1970,Five Easy Pieces,"Bobby Dupea works in an oil field in Kern County, California with his friend Elton, who has a wife and a baby son. Bobby spends most of his time with his waitress girlfriend Rayette, who has dreams of singing country music; or in the company of Elton, with whom he bowls, gets drunk, and has sex with other women. Bobby has not told Elton that he is a former classical pianist who comes from a family of musicians.
Rayette gets pregnant and Elton is arrested for having robbed a gas station. Bobby quits his job and goes to Los Angeles where his sister Partita, also a pianist, is making a recording. Partita tells him that their father, from whom Bobby is estranged, has suffered two strokes. She urges Bobby to return to the family home in Washington state.
Rayette threatens to kill herself if Bobby leaves her, so he reluctantly asks her along. Driving north, they pick up two women headed for Alaska, one of whom is obsessed with ""filth"". The four of them are thrown out of a restaurant when Bobby gets into an argument with a waitress who refuses to accommodate his special order.
Embarrassed by Rayette's lack of polish, Bobby registers her in a motel before proceeding to the family home on an island in Puget Sound. He finds Partita giving their father a haircut, but the old man seems completely oblivious to him. At dinner Bobby meets Catherine Van Oost, a young pianist engaged to his brother Carl, a violinist. Despite personality differences, Catherine and Bobby are immediately attracted to each other and have sex in her room.
Rayette runs out of money at the motel and comes to the Dupea estate unannounced. Her presence creates an awkward situation, but when pompous family friend Samia ridicules her, Bobby comes to her defense. Storming from the room in search of Catherine, he discovers his father's male nurse giving Partita a massage. Now more agitated, he picks a fight with the nurse, who knocks him to the floor.
Bobby tries to persuade Catherine to go away with him, but she declines, believing he does not love himself, or anything at all. After trying to talk to his unresponsive father, Bobby leaves with Rayette, who makes a playful sexual advance that he angrily rejects. When Rayette goes into a gas station for coffee, he gives her his wallet and abandons her, hitching a ride on a truck headed north.","Bobby Dupea works in an oil field in Kern County, California with his friend Elton, who has a wife and a baby son. Bobby quits his job and goes to Los Angeles where his sister Partita, also a pianist, is making a recording. Partita tells him that their father, from whom Bobby is estranged, has suffered two strokes. Rayette gets pregnant and Elton is arrested for having robbed a gas station.",Drama,Bob Rafelson,"Jack Nicholson,Billy Green Bush,Richard Stahl"
1970,Flesh Feast,"Dr. Elaine Frederick, a mad scientist is working on developing maggots that prefer human flesh, while her services are used to make a clone of Adolf Hitler. She cooperates with the plan to resurrect Hitler as a way of exacting revenge for the death of her mother, a political prisoner executed in Ravensbrück concentration camp. While convincing everyone the flesh-eating maggots are for regeneration research, she simply wants to throw them in the resurrected Hitler's face, which she does.","Dr. Elaine Frederick cooperates with the plan to resurrect Hitler as a way of exacting revenge for the death of her mother, a political prisoner executed in Ravensbrück concentration camp. While convincing everyone the flesh-eating maggots are for regeneration research, she simply wants to throw them in the resurrected Hitler's face.","Fantasy,Horror,Mystery",Brad F. Grinter,"Phil Philbin,Doug Foster,Harry Kerwin,Brad Townes,Dete Parsons"
1970,Getting Straight,"Harry Bailey, a former student activist and post-graduate, comes back to university to complete an education course to become a teacher. He tries to avoid the increasing student unrest that has surfaced, but finds this difficult as his girlfriend, Jan, is a leader in these protests.
Over time, student demonstrations bring police to the campus to quell the unrest, and the ensuing clashes lead to martial law. Harry is forced to question his values in relation to this. At the height of the rioting he concurs with Jan that ""getting straight"" is more important than unprotesting acceptance of the educational establishment.","Harry Bailey returns to university to complete an education course to become a teacher. He tries to avoid the increasing student unrest that has surfaced, but finds this difficult as his girlfriend, Jan, is a leader in these protests. At the height of the rioting he concurs with Jan that ""getting straight"" is more important than unprotesting acceptance of the educational establishment.","Comedy,Drama,Romance",Richard Rush,"Elliott Gould,Robert F. Lyons,Jeff Corey,Max Julien,Cecil Kellaway,Jon Lormer,Leonard Stone,William Bramley"
1970,The Great White Hope,"Set between 1910 and 1915, the story follows Jack Jefferson, patterned after real-life boxer, Jack Johnson, going on a hot streak of victories in the boxing ring as he defeats every white boxer around. Soon the press and racists announce the search for a ""great white hope"", a boxer who will defeat Jefferson for the heavyweight title. Meanwhile, Jefferson prepares for a few more matches, but he lets his guard down by courting the beautiful, and very white, Eleanor Bachman, and when everyone, including Jack's black ""wife"", discover this, the tensions grow to fever pitch. Jack's close black friends become scared over his pushing the envelope of success and the white authorities conspire to frame him with unlawful sexual relations with Eleanor and thereby take away his title. It leads to jealousy, a run from the law, and finally, disaster.","The story follows Jack Jefferson, patterned after real-life boxer, Jack Johnson, going on a hot streak of victories in the boxing ring as he defeats every white boxer around. Soon the press and racists announce the search for a ""great white hope"", a boxer who will defeat Jefferson for the heavyweight title. Jefferson lets his guard down by courting the beautiful, and very white, Eleanor Bachman.","Drama,Romance,Sport",Martin Ritt,"James Earl Jones,Lou Gilbert,Joel Fluellen,Chester Morris,Robert Webber,R.G. Armstrong,Hal Holbrook"
1970,The Hawaiians,"The story begins 40 years after the events depicted in the original Hawaii as a new generation of Americans and Asians must deal with a changing island and world; one of them is a sea captain.
Whipple ""Whip"" Hoxworth returns home to Hawaii to find his grandfather has died and left his fortune to Hoxworth's cousin, Micah Hale. Whip, the black sheep of his otherwise very conservative and disapproving family, starts a plantation, staffing it with newly arrived Chinese indentured servants Mun Ki, and his second wife/concubine Nyuk Tsin.
Mun Ki fathers children with Nyuk Tsin, all the while dreaming of returning to China and his first and officially ""real"" wife. Nyuk Tsin has other ideas. For the remainder of the story she is referred to as ""Wu Chow's Auntie"". Wu Chow being their firstborn son, to support the traditional fiction that Mun Ki's official spouse in China is the ""real"" mother of his children.
Whip steals valuable pineapples from French Guiana in the hope that they will grow in Hawaii. He gives the forlorn plants to Wu Chow's Auntie, knowing that she has a ""green thumb"". When she succeeds in nurturing the plants into flourishing, the overjoyed Whip offers to buy her some land as a reward. Over Mun Ki's opposition, she accepts. This is the first step in the rise of both Whip and Wu Chow's Auntie, as well as of the pineapple industry in Hawaii.
Meanwhile, Whip marries native Hawaiian, Purity, and has a son with her. However, because of her inbred royal Hawaiian ancestry, she is mentally fragile. Eventually, her mind gives way, and she can no longer abide to live with Whip. Their son Noel grows to manhood experiencing an uneasy relationship with his father.
When Mun Ki contracts leprosy, Wu Chow's Auntie accompanies him to the leper colony on Molokai. Upon Mun Ki's death years later, she returns to be reunited and reacquainted with her now-grown, educated, and prospering children.
A complication arises when Noel falls in love with Wu Chow's Auntie's only daughter. Neither parent approves of the marriage, but in the end, they grudgingly accept it.","The story begins 40 years after the events depicted in the original Hawaii. Whipple ""Whip"" Hoxworth returns home to Hawaii to find his grandfather has died and left his fortune to his cousin, Micah Hale. Whip, the black sheep of his otherwise very conservative and disapproving family, starts a plantation, staffing it with newly arrived Chinese indentured servants Mun Ki, and his second wife/concubine Nyuk Tsin.","Adventure,Drama",Tom Gries,"Charlton Heston,Mako,John Phillip Law,Alec McCowen,Don Knight,Chris Robinson"
1970,Hercules in New York,"Hercules, at Olympus, berates his father Zeus for not allowing him to leave the gods' abode to adventure on earth. Eventually Zeus sends Hercules, on a beam, to the land of men.
After some strange encounters in the air and at sea, Hercules arrives in New York City, where hilarity ensues in the form of interactions with various New Yorkers, who regard him as physically superior but socially awkward. He meets a skinny little guy called Pretzie. Hercules becomes a successful professional wrestler.
Zeus, watching Hercules from the heights, becomes irritated with Hercules' antics, which he feels are making a mockery of the gods, and calls on Mercury to stop Hercules. After Mercury makes an unsuccessful attempt to bring Hercules home, Zeus orders Nemesis to see to it that Hercules is consigned to the infernal regions ruled over by Pluto.
However, Juno instead convinces Nemesis to poison Hercules with a poison that would strip him of his divinity and then talk to Pluto. Nemesis informs Pluto of what is happening and he bets a large sum of money against Hercules in an upcoming strongman competition with Hercules' gangster manager.
When Hercules loses the strongman competition his friends try to lead off Hercules' angry manager's henchmen, but Hercules follows them to save them.
Meanwhile, Zeus uncovers the truth from Nemesis as to what is happening but only intervenes at the last minute to restore Hercules' divinity, not wanting any son of his to die at the hands of a mortal.
Hercules defeats the gangsters and realizes that he has been disobedient and returns to the heavens shortly after, only saying good-bye to Pretzie over a radio after he leaves.
In the heavens, Zeus tells Juno and Hercules that he is not going to punish Hercules for his behavior as they ask him about it and then asks to be left alone. They leave him alone, and upon their departure, Zeus sneaks out of the heavens and descends to earth, scaring a passenger jet on his way down.","Zeus becomes irritated with Hercules' antics, which he feels are making a mockery of the gods. Zeus orders Nemesis to see to it that Hercules is consigned to the infernal regions ruled over by Pluto. However, Juno instead convinces Nemesis to poison Hercules with a poison that would strip him of his divinity and then talk to Pluto. Zeus intervenes at the last minute to restore Hercules' divinity.","Adventure,Comedy,Fantasy",Arthur Allan Seidelman,"Arnold Stang,Arnold Schwarzenegger,James Karen,Ernest Graves,Harold Burstein,Merwin Goldsmith,George Bartenieff"
1970,The Honeymoon Killers,"Martha Beck is a sullen, overweight nursing administrator living in Mobile, Alabama, with her elderly mother. Martha's friend Bunny surreptitiously submits Martha's name to a ""lonely hearts"" club, which results in a letter from Raymond Fernandez of New York City. The audience sees Ray surrounded by the photographs of his previous conquests as he composes his first letter to Martha. Overcoming her initial reluctance, Martha corresponds with Ray and becomes attached to him. He visits Martha and seduces her. Thereafter, having secured a loan from her, Ray sends Martha a Dear Jane letter, and Martha enlists Bunny's aid to call him with the (false) news that she has attempted suicide.
Ray allows Martha to visit him in New York, where he reveals he is a con man who makes his living by seducing and then swindling lonely women. Martha is unswayed by this revelation. At Ray's directive, and so she can live with him, Martha admits her mother in a nursing home. Martha's embittered mother disowns her for abandoning her. Martha insists on accompanying Ray at his ""work"". Woman after woman accepts the attentions of this suitor who goes courting while always within sight of his ""sister"". Ray promises Martha he will never sleep with any of the other women, but complicates his promise by marrying pregnant Myrtle Young. After Young aggressively attempts to bed the bridegroom, Martha gives her a dose of pills, and the two put the drugged woman on a bus. Her death thereafter escapes immediate suspicion.
The swindlers move on to their next target, and after catching Ray in a compromising position with the woman, Martha attempts to drown herself. To placate her, Ray rents a house in Valley Stream, a suburb of New York City. He becomes engaged to the elderly Janet Fay of Albany, and takes her to the house he shares with Martha. Janet gives Ray a check for $10,000, but then becomes suspicious of the two. When Janet tries to contact her family, Martha and Ray hit her in the head with a hammer and strangle her to death. They bury her body beneath their cellar floor in her trunk, tossing into the grave's dirt the two framed depictions of Jesus that, Martha notes sarcastically, she'd told them she took everywhere she went.
Next, they spend several weeks living in Michigan with the widowed Delphine Downing and her young daughter. Delphine, younger and prettier than most of Ray's conquests, confides in Martha, hoping that she will help her persuade Ray to marry her as soon as possible because she is pregnant with Ray's child. Martha is in the midst of drugging Delphine when the woman's daughter enters the room with Ray. He shoots Delphine in the head, and Martha, off camera, drowns the daughter in the cellar. Ray tells Martha that he must proceed with his plan to move on to one more woman, this one in New Orleans, and then he will marry Martha; he reaffirms his promise never to betray her with one of his marks. Realizing that Ray will never stop lying to her, Martha calls the police and waits calmly for them to arrive.
The epilogue takes place four months later, with Martha and Ray in jail. As she leaves the cellblock for the first day of their trial, Martha receives a letter from Ray in which he tells her that, despite everything, she is the only woman he ever loved. Titles on the screen then conclude the story, saying that Martha Beck and Raymond Fernandez were executed at Sing Sing on March 8, 1951.[4]","Martha Beck is a sullen, overweight nursing administrator living in Mobile, Alabama, with her elderly mother. Martha's friend submits Martha's name to a ""lonely hearts"" club, which results in a letter from Raymond Fernandez of New York City. Ray allows Martha to visit him in New York, where he reveals he is a con man who makes his living by seducing and then swindling lonely women. Ray promises Martha he will never sleep with any of the other women, but complicates his promise by marrying pregnant Myrtle Young. Martha gives her a dose of pills, and the two put the","Crime,Drama,Romance",Leonard Kastle,Tony Lo Bianco
1970,Hornets’ Nest,"In Northern Italy in 1944, the entire population of the village of Reanoto is massacred by the SS under the command of the cruel Major Sturmbannführer Taussig for helping the Italian resistance movement. The only survivors are a group of young boys in ages from 7 to 14 led by Aldo, who witness the mass execution and vow revenge.
That night, a detachment of US Army paratrooper saboteurs jump into the area with a mission to destroy a strategic dam with the partisans prior to the Fifth United States Army's advance into the area. Their drop zone has been discovered by Wehrmacht troops under the command of Hauptmann Friedrich von Hecht, who kill them all except the leader of the paratroopers, Captain Turner, who is rendered unconscious and goes unnoticed by the Germans when he lands in the branches of a tree. The Germans capture the demolition equipment from the dead Americans.
Aldo and his friends rescue Turner by spiriting him away from the ambush. Realising that Turner needs medical attention, they kidnap German doctor Bianca Freedling, to nurse him to health, and keeping her captive even after Turner's recovery. In order to avenge the massacre of Reanoto, Aldo wants Turner to train him and his friends in the use of military weapons and tactics. Turner uses the opportunity as a second chance to complete his sabotage mission, using the boys instead of his late command. He has the boys steal the captured American demolition gear from von Hecht's headquarters, killing SS Rottenführer Gunther in the process, but Aldo hides the detonators until Turner leads them in their revenge. He trains them to use German MP40 guns.
In response to the killing of Gunther, Standartenführer Jannings hunts for Turner and his ""Dead End Kids"" an SS-led affair, placing von Hecht under the command of Taussig and reassigning his regular Wehrmacht troops to guard a tunnel. Not long after this, Turner and the boys steal a truck and drive to SS headquarters, slaughtering all of Taussig's men in a surprise attack. Killing the SS was enough for most of the boys, but not for Aldo, who is becoming emotionally and mentally unhinged. He wants to keep killing Germans.
Von Hecht, after an argument, shoots and kills Taussig in the aftermath of the attack on SS headquarters, and goes after Turner and the boys solo. While Turner and a few of the boys are planting Composition C charges on the dam, Aldo and a few of the others go against orders and directly engage the German guards on top of the dam, which very nearly costs the entire mission. Taking over an MG42, Aldo becomes blood-drunk as he mows down Germans, even going so far as to shoot down his own friend Carlo when Carlo blocks his shot. Despite interference from von Hecht, Turner and the kids successfully plant the explosives and blow up the dam, flooding the valley.
With the dam destroyed and the Germans routed, the American troops begin moving in. When Turner learns of Carlo's death, as well as that of another boy who died protecting Bianca and some of the younger children, he regrets having involved the children and breaks all of the guns. Aldo however refuses to hand his over, and runs off, encountering von Hecht, who survived the destruction of the dam. Aldo shoots and wounds him just as Turner catches up to him, and after failing to talk him out of finishing the German officer off, prevents him by force, taking his gun away. He takes von Hecht prisoner as von Hecht expresses his admiration for Turner's success.
Turner, Bianca, von Hecht and all of the surviving boys except for Aldo go down to meet the approaching column of American soldiers. Aldo lingers. After seeing to it that the others are safely aboard a truck, Turner goes back for Aldo, who angrily throws rocks at him because he stopped him from killing von Hecht. But finally he is overcome with remorse for having killed Carlo, and begs Turner's forgiveness. Turner gives it, and scoops the defeated and frightened boy up, and carries him to the waiting truck.","In 1944, the entire population of the village of Reanoto is massacred by the SS under the command of the cruel Major Sturmbannführer Taussig for helping the Italian resistance movement. The only survivors are a group of young boys in ages from 7 to 14 led by Aldo, who witness the mass execution and vow revenge. Turner uses the opportunity as a second chance to complete his sabotage mission, using the boys instead of his late command.",war,Phil Karlson,"Rock Hudson, Sylvia Koscina, Sergio Fantoni"
1970,House of Dark Shadows,"Willie Loomis, the Collins family handyman, is searching for old treasure in the family mausoleum when he accidentally frees Barnabas Collins, a 175-year-old vampire who enslaves him. Upon his release, he attacks Daphne Budd, secretary to Collinwood’s matriarch, Elizabeth Collins Stoddard. She is discovered by Jeff Clark, who takes her back to the house where Dr. Julia Hoffman administers medical attention to her.
Barnabas introduces himself to the family under the guise of a ""cousin from England"". Elizabeth and the others are intrigued by Barnabas and take an instant liking to him. Barnabas insists on moving into the Old House and hosting a ball in honour of the family; however, on the night of the ball, Elizabeth's daughter Carolyn Stoddard is bitten by Barnabas while she is getting ready.
Later on at the ball, he is introduced to young David Collins's governess and Jeff's girlfriend Maggie Evans and is instantly smitten with her, as she bears a striking resemblance to his long-lost fiancée, Josette du Pres. Maggie is thinking about leaving Collinwood, but Barnabas persuades her to stay. Back at the Old House, he tells Willie about Josette and how she took her own life on the night they were to be married. Carolyn overhears and threatens to expose him out of jealousy. Enraged, Barnabas delivers a deadly bite to Carolyn, much to Willie's horror. A shaken Willie takes Carolyn back home; she slowly walks to the doorway, but she is soon discovered slumped in the doorway—dead—by the maid, Mrs. Johnson.
Funeral services are held for Carolyn, and she is buried in the Collins family mausoleum. Dr. Hoffman analyzes samples of Carolyn's blood and recognizes trace elements of the same unknown virus that was present in Daphne Budd's blood sample. Professor T. Eliot Stokes, a friend of the family, confers with Julia and tells her that the recent attacks in Collinsport may have been caused by a vampire.
Carolyn rises as a vampire and almost attacks David. Stokes and Julia try to explain, but Elizabeth and Roger refuse to listen. Carolyn's former fiancé Todd encounters her and she bites him. After he is taken back to Collinwood, the family realize that Stokes and Julia were correct about the vampires. Todd again sneaks out in search of Carolyn, but she is cornered and staked, instantly killing her.
Julia eventually discovers that Barnabas is the vampire responsible. She visits him at the Old House and convinces him that she can use her methods to make him human and he reluctantly agrees. Julia gives him injections which allow him to walk in the daylight. Over time, Barnabas and Maggie begin to spend time together while Jeff is away in Boston. Stokes confronts Julia about helping Barnabas—and realizes she is love with him—and reminds her that he is in love with Maggie. Overcome with jealousy, Julia gives Barnabas an injection which causes him to age rapidly. Out of rage, he strangles her to death. A terrified Maggie witnesses this and tries to flee, but is caught and bitten by Barnabas before she can escape and he vows to come back for her. Jeff soon returns, and he is informed of the family history by Stokes and Roger and that Barnabas intends to make Maggie his bride. That night, Barnabas bites Maggie again, rejuvenating him, and then abducts her.
Jeff and the others pursue them; however, Roger and Stokes are killed. Jeff eventually finds Maggie at on old church in trance and in Josette's wedding gown. Willie warns him against trying to stop Barnabas and knocks him out. Willie leads Maggie out of the room to where Barnabas is waiting for her. He lays her down on an altar and is about to bite her when Jeff wakes up and shoots at him, but Willie, running to stop Barnabas, moves in the way, and is hit by Jeff's crossbow bolt. Barnabas lures Jeff out his hiding place and forces him to be a witness by placing him in a trance; however, as Barnabas attempts to bite Maggie, he screams in pain as he's struck in his back. Turning around, he's shocked then enraged to discover that it was Willie—in his final act of redemption—who stabbed him with the crossbow bolt. Barnabas strangles the mortally wounded Willie, but Loomis's attack breaks Jeff out of Barnabas's trance long enough for Jeff to finish driving the bolt through the vampire's back, ultimately bursting through his bloody chest. Maggie, now revived, is rescued by Jeff, both briefly observing the bodies of the presumably dead vampire and Willie Loomis before departing the ruined chapel.
In a post-credits scene, Barnabas's body transforms into a bat and then vanishes.","Barnabas Collins is a 175-year-old vampire who enslaves the Collins family of Collinwood. He is introduced to the family under the guise of a ""cousin from England"" He is smitten with Jeff's girlfriend, Maggie Evans, and is attracted to her as she bears a striking resemblance to his long-lost fiancée, Josette du Pres. Carolyn Stoddard is bitten by the vampire and Carolyn's former fiancé Todd is staked, killing her. Julia discovers he is the vampire responsible and gives him injections to walk in the daylight.","Drama,Fantasy,Horror",Dan Curtis,"Jonathan Frid,Roger Davis,John Karlen,Thayer David,Louis Edmonds,Don Briscoe,David Henesy"
1970,How Do I Love Thee?,"Tom Waltz, a college professor, finds out that Stanley, his father, is in Lourdes, France. He quickly catches a flight there over his wife Marion's objections.
Stanley is a furniture mover, happily married to Elsie but tempted by Lena, an artist. No actual affair takes place, but Lena does give him a poem as a parting gift that Stanley later enters in a contest. He wins a $10,000 prize and donates the money to Tom's department at the university. Tom is rewarded with a promotion over his rival, Littlefield.
Trouble develops when the ""original"" poem is exposed as being one of Elizabeth Barrett Browning's sonnets. Littlefield gets the job and Tom's reputation is sullied. Stanley prays for divine intervention and Littlefield promptly dies. Stanley flies to Lourdes to atone and pray for forgiveness, but is relieved when Tom informs him that Littlefield's death occurred before his request for help from above.","Stanley Waltz is a furniture mover, happily married to Elsie but tempted by Lena, an artist. Stanley enters a poem that he enters in a contest and wins a $10,000 prize. Tom is rewarded with a promotion over his rival, Littlefield. Littlefield gets the job and Tom's reputation is sullied. Stanley prays for divine intervention and Littlefield promptly dies.","Comedy,Drama",Michael Gordon,"Jackie Gleason,Rick Lenz,Maurice Marsac,Clinton Robinson,James McCallion,Don Beddoe"
1970,Husbands,"Gus, Harry, and Archie, are three nominally happy husbands with families in suburban New York. All are professional men, driven and successful. The three of them have known each other since their school years. They have grown up together and have now had enough time to discover that their youth is disappearing and that there is nothing they can do to preserve it. They are shaken into confronting this reality when their best friend Stuart, the first friend from their fast disappearing youth, dies suddenly and unexpectedly of a heart attack.
They have difficulty coping with the death and everywhere they turn or flee in the city they can't seem to run from it. They spend two days hanging out, playing basketball, sleeping in the subways, and drinking, including an impromptu singing contest at a bar. Harry goes home, has a vicious argument with his wife, and decides to fly to London. The other two decide to go with him.
They check into an expensive hotel, dress in formal clothing, and meet three young women at a gambling casino. They go back to their rooms with the women. Gus pairs off with Mary Tynan, Archie with Julie, a young Asian woman who appears not to speak English, and Harry with Pearl Billingham. However, their efforts to hook up with these women are awkward and unsuccessful. Flying, even to another continent, has not saved their youth. They discover it is gone, never to return.
Gus and Archie decide to go back to New York, but Harry stays behind. Gus and Archie express concern about Harry and what he will do without them.","Gus, Harry, and Archie are three nominally happy husbands with families in suburban New York. They are shaken into confronting this reality when their best friend Stuart dies suddenly and unexpectedly of a heart attack. Everywhere they turn or flee in the city they can't seem to run from it. They spend two days hanging out, playing basketball, sleeping in the subways, and drinking.","Comedy,Drama",John Cassavetes,"Ben Gazzara,Peter Falk,John Cassavetes,John Kullers"
1970,I Drink Your Blood,"The film opens on a Satanic ritual conducted by Horace Bones, the leader of a Manson-like cult. The ritual is unknowingly witnessed by Sylvia, a young girl who has been observing them from the trees. Sylvia is eventually spotted by one of the members and is dragged in front of the group. She manages to run away, but is soon caught and raped by several of the cult members. The next morning, Sylvia emerges from the woods, beaten and apparently raped. She is found by Mildred, the woman who runs the local bakery, and Pete, Sylvia's younger brother. They return Sylvia home to her grandfather, Doc Banner. Mildred seeks help from her boyfriend, leader of the construction crew working on the nearby dam which has bought up most of the town, leaving it deserted. The cult members' van breaks down, so they elect to remain in the town. They buy pies from Mildred, who explains that, as most of the town is deserted and awaiting demolition, they can stay in any vacant building they wish.
Learning of the assault on Sylvia, Banner confronts the cult, but they assault him and force him to take LSD. Pete intervenes and Doc is released. Enraged by the incident, Pete takes a shotgun to get revenge but encounters a rabid dog, which he kills. He takes blood from the dog and the next morning injects it into meat pies at the bakery and sells them to the cult members. Back at their house, Horace and the others eat the meat pies. The others begin to show signs of infection and eventually they lapse into animalistic behavior. The infected members then proceed to attack and kill each other in a feral rage.
One of the female members of the group, Molly, becomes terrified and rushes off into the night. Construction workers sent there by Mildred's boyfriend find Molly and take her with them. Molly uses her sex appeal to insinuate herself into their group and she spends the rest of the night having sex with all of them. Afterwards Molly begins to show signs of infection, eventually biting one of the men. Two other construction workers are killed when they venture into the house of the hippies and encounter a now-crazed Horace, who hangs one of them and guts the other.
Banner discovers what is going on when Horace attacks Mildred's car and leaves bloody handprints behind. Andy returns to the Banner house and hides out in their barn; after making peace with Sylvia, they are discovered in the barn by Pete, who admits what he has done. Andy explains that he did not eat the pies, therefore he is not infected. Banner has informed others about the potential rabies epidemic, and the next day they are joined by Dr. Oakes. Banner, Oakes and Mildred's boyfriend all discover that the entire construction crew is now infected with rabies. Oakes and the others are nearly killed by a large group of the infected before they reach a water-filled quarry, which frightens them off.
Andy helps Sylvia and Pete escape after they discover Banner dead in the barn, impaled by a pitchfork. While running through the woods, they happen upon the pregnant hippie, who commits suicide after learning she has rabies. When they emerge from the woods, they discover Rollo and Horace lurking near the bakery; fortunately they become interested only in each other, allowing the survivors to escape. Rollo and Horace clash, each of them armed, until Rollo impales Horace with a sword. Andy, Sylvia and Pete discover Mildred barricaded inside the bakery, but she is too afraid to let them inside. When she finally manages to undo the barricade, Andy is beheaded by a machete-wielding madman. Sylvia and Pete retreat with her to the basement of the bakery, but unfortunately they cannot lock the basement door. One of the infected gets inside and Mildred shoots him in the head. They rush out of the bakery and try to drive away in Mildred's car, but crowds of the infected converge on them, overturning the car. Just then, Oakes arrives with reinforcements and they gun down the infected. Mildred, Sylvia and Pete all emerge from the car, shaken but otherwise unharmed.[3]","The film opens on a Satanic ritual conducted by Horace Bones, the leader of a Manson-like cult. The ritual is unknowingly witnessed by Sylvia, a young girl who has been observing them from the trees. Sylvia is eventually spotted by one of the members and is dragged in front of the group. She manages to run away, but is soon caught and raped by several of the cult members. The next morning, Sylvia emerges from the woods, beaten and apparently raped. She is found by Mildred, the woman who runs the local bakery, and Pete, Sylvia's younger brother. Mildred seeks help from her boyfriend",horror,David E. Durston,Jadine Wong
1970,I Love My Wife,"Richard Burrows is a medical student with a pregnant wife, Jody, who becomes unappealing to him before and after childbirth, abstaining from sex and gaining weight. When her mother moves in with them, Richard's home life frustrates him even more.
Flirtations with nurses and patients begin, with Jody catching him being unfaithful. But after he becomes a surgeon at a Los Angeles hospital, the infidelity continues. Richard meets a married model, Helene Donnelly, and begins meeting her secretly in motels. They contemplate getting divorces.
Richard decides to make one last attempt to save his marriage. He evicts his mother-in-law from the premises and persuades Jody to go to a weight-loss center. When his wife returns, she is slim again and Richard is pleased, until learning that now she wants a divorce.","Richard Burrows is a medical student with a pregnant wife, Jody, who becomes unappealing to him before and after childbirth, abstaining from sex and gaining weight. He meets a married model, Helene Donnelly, and begins meeting her secretly in motels. Richard evicts his mother-in-law from the premises and persuades Jody to go to a weight-loss center. When his wife returns, she is slim again and Richard is pleased, until learning that now she wants a divorce.",Comedy,Mel Stuart,"Elliott Gould,Dabney Coleman,Leonard Stone,Ivor Francis,Al Checco"
1970,I Never Sang for My Father,"Gene Garrison is picking up his parents at the airport. He drives them home and spends the evening with them. The barbs of his father, Tom, run through his mind as he drives home. Gene seeks solace in the arms of his mistress, who pines for a more serious relationship with him. Soon after, his mother, Margaret, suffers a heart attack and is hospitalized. Gene visits her at the hospital. He finds his father pacing in the waiting room. Tom asks Gene to go to the Rotary Club with him, though Gene was expecting not to leave his mother's side.
When Margaret dies, he helps his father shop for a casket. His sister, Alice, arrives without her husband and kids. She explains to Gene that Tom's failing memory and health will require constant care either in a nursing home or with live-in assistance. She broaches the idea with their father who rejects it outright. The conversation brings up old tensions about his disinheritance of Alice over her choice of a Jewish spouse. Alice leaves Gene to deal with their father by himself.
Gene's girlfriend Peggy arrives for a visit. She is charmed by Tom and offers to relocate to New York to live with Gene and his father. That night, Gene and his father reminisce together over old photographs. Tom's love for his son comes shining through in their conversation, and he asks about a tune that Gene used to sing for him as a boy. Gene confesses that he never sang the tune for his father, but Tom recalls otherwise.
Gene tells Tom that he is thinking about moving to California to be with Peggy, where she has a successful gynecological practice. Tom becomes irate at the notion, feeling abandoned. Gene leaves the house with Peggy and never comes back.","Gene Garrison is picking up his parents at the airport and spends the evening with them. Gene seeks solace in the arms of his mistress, who pines for a more serious relationship with him. His sister, Alice, arrives without her husband and kids. Gene's girlfriend Peggy arrives for a visit and offers to relocate to New York to live with Gene and his father. Gene leaves the house with Peggy and never comes back.",Drama,Gilbert Cates,"Melvyn Douglas,Gene Hackman,Daniel Keyes,Conrad Bain,Jon Richards"
1970,I Walk the Line,"Henry Tawes is an aging sheriff in small-town of Gainesboro, Tennessee, who is becoming bored with his wife Ellen, and his life. He meets young Alma McCain, and is drawn to her, even though she isn't even half his age.
Alma seduces him, then persuades Tawes to provide protection for her father Carl McCain, who makes moonshine whiskey with an illegal still. Tawes obliges her until a federal agent, Bascomb, turns up. He obeys orders and destroys the still.
A deputy, Hunnicutt suspects that Tawes and the young woman are romantically involved. When he tries to take Alma by force, Hunnicutt is killed by the McCains.
Tawes helps dispose of the deputy's body. He decides to take off with Alma and start a new life in California, but finds to his surprise that she and her family have already left. Tawes pursues them, assuming Alma still wants to be with him, but she has other ideas.","Henry Tawes is an aging sheriff in small-town of Gainesboro, Tennessee, who is becoming bored with his wife Ellen, and his life. He meets young Alma McCain, and is drawn to her, even though she isn't even half his age. Alma seduces him, then persuades him to provide protection for her father Carl McCain, who makes moonshine whiskey with an illegal still. He decides to take off with Alma and start a new life in California.",Drama,John Frankenheimer,"Gregory Peck,Ralph Meeker,Lonny Chapman,Charles Durning,Jeff Dalton,Freddie McCloud,J.C. Evans"
1970,The Invincible Six,"An adventurous American that everybody calls Tex, and his partner, an Englishman named Ronald, are foiled in their bid to steal Tehran's precious jewels. In the desert, they join up with four others, including a baron, to plot another heist.
They have the good fortune of meeting Zari, the beautiful mistress of the infamous bandit Malik, who is after a valuable amulet. So is the man who wants to claim Malik's place in the eyes of all, Nazar. But all does not go well. Ronald is captured and tortured, Nazar shot, and Zari is soon forced to decide if she wishes to continue on to wherever fate takes Tex next.","Tex and Ronald are foiled in their bid to steal Tehran's precious jewels. They join up with four others, including a baron, to plot another heist. They meet Zari, the beautiful mistress of the infamous bandit Malik, who is after a valuable amulet. Ronald is captured and tortured, Nazar shot, and Zari is forced to decide if she wishes to continue.","Action,Adventure,Crime",Jean Negulesco,"Stuart Whitman,Curd Jürgens,Ian Ogilvy,Behrouz Vossoughi,Lon Satton,Isarco Ravaioli,James Mitchum,Anushavan Harotionian"
1970,Jenny,"Jenny, a young small-town woman, moves away to the city when she becomes pregnant through a one-night stand. She meets film director Delano, who has received a draft notice and does not want to be inducted into the Army. Jenny and Delano take a liking to each other. Learning that an acquaintance got out of having to serve by having a baby on the way, Delano offers to marry Jenny, claim paternity and support her baby, if she in turn will play along, and he can avoid being drafted.
In the months until Jenny's baby is born, the couple experiences the ups and downs of their in-name-only marriage, including a visit back to her family and hometown, and his ongoing relationship with another woman, as Delano and Jenny await the outcome of his draft case.","Jenny becomes pregnant through a one-night stand when she meets film director Delano, who has received a draft notice and does not want to be drafted. Learning that an acquaintance got out of having a baby on the way, Delano offers to marry Jenny, claim paternity and support her baby, if she in turn will play along.","Drama,Romance",George Bloomfield,"Alan Alda,Vincent Gardenia,Philip Bruns,Stephen Strimpell,Michael Mislove,Fred Willard"
1970,Joe,"Advertising executive Bill Compton, his wife Joan, and daughter Melissa are a wealthy family living in New York's Upper East Side. Melissa has been living with her drug dealer boyfriend. After Melissa overdoses and is sent to a hospital, Compton goes to her boyfriend's apartment to get her clothes. He confronts and kills the boyfriend in a fit of rage. At a nearby bar he hears factory worker Joe Curran ranting about how he hates hippies, and Compton blurts out that he just killed one. Joe reacts favorably, but Compton says it was a joke.
A few days later, Joe sees a news report about a drug dealer found slain a few blocks from the bar. He calls Compton and meets him. At first Compton is wary that Joe may be attempting blackmail, but Joe assures him that he admires Compton for killing the drug dealer. They become friends, and Compton and his wife have dinner at Joe's house with his wife. Melissa escapes from the hospital and returns to the family apartment, where she overhears her father discussing the murder. She storms out of the apartment house, saying to Compton, ""What are you gonna do, kill me too?"" Compton tries to restrain her, but she breaks away.
Joe and Compton search for her, and meet a group of hippies at a bar in downtown Manhattan. They join the hippies at an apartment, where the hippies share their drugs and girlfriends with the pair. They then abscond with drugs brought by Compton, which he had taken from the drug dealer, as well as Joe's and Compton's wallets. Joe beats one of the girls until she tells him that their boyfriends often spend time in an upstate commune. Joe and Compton drive to that commune, with Joe bringing rifles. In a confrontation at the commune, Joe and Compton kill all the hippies there, and Compton unwittingly kills his own daughter.","Bill Compton, his wife Joan, and daughter Melissa are a wealthy family living in New York's Upper East Side. Melissa has been living with her drug dealer boyfriend. After Melissa overdoses and is sent to a hospital, Compton confronts and kills the boyfriend in a fit of rage. Compton and Joe Curran meet a group of hippies at a bar in downtown Manhattan. Joe and Compton kill all the hippies there, and Compton unwittingly kills his own daughter.","Drama,Thriller",John G. Avildsen,"Peter Boyle,Dennis Patrick,Patrick McDermott,Tim Lewis,Bob O'Connell"
1970,Kelly's Heroes,"During a thunderstorm in early September 1944, units of the 35th Infantry Division are nearing the French town of Nancy. One of the division's mechanized reconnaissance platoons is ordered to hold their position when the Germans counterattack. The outnumbered platoon also receives friendly fire from their own mortars.
Private Kelly, a former lieutenant scapegoated for a failed infantry assault, captures Colonel Dankhopf of Wehrmacht Intelligence. Interrogating his prisoner, Kelly notices the officer's briefcase has several gold bars disguised under lead plating. Curious, he gets the colonel drunk and learns that there is a cache of 14,000 gold bars, worth $16,000,000, stored in a bank vault 30 miles behind enemy lines in the town of Clermont. When their position is overrun and the Americans pull back, a Tiger I kills Dankhopf.
Kelly decides to go after the gold. He visits the opportunistic Supply Sergeant ""Crapgame"" to obtain the supplies and guns that will be needed for the operation. A spaced-out tank platoon commander known as ""Oddball"" and his three M4 Sherman tanks from the 6th Armored Division invite themselves into the plan. With their commanding officer, Captain Maitland, busily pursuing opportunities to enrich himself and seriously neglecting the welfare of his troops, the men of Kelly's platoon are all eager to join Kelly. After much argument, Kelly finally persuades cynical Master Sergeant ""Big Joe"" to go along.
Kelly decides that his infantrymen and Oddball's tanks will proceed separately and meet near Clermont. Oddball's tanks fight their way through the German lines, managing to destroy a German railway depot, but their route is blocked when the bridge they need to cross is blown up by Allied fighter-bombers. This forces Oddball to bring a bridging unit in on the caper. An American fighter plane mistakes Kelly's group for the enemy, destroying their vehicles and forcing them to continue on foot. They stray into a minefield, and Private Grace is killed. Kelly's troops engage an enemy patrol; Private Mitchell and Corporal Job, still stuck in the minefield, are killed.
The two units rendezvous two nights later. They battle their way across the river to Clermont, losing two of the three tanks and leaving the bridging unit behind. When intercepted radio messages from the private raid are brought to the attention of the gung-ho Major General Colt, he misinterprets them as the efforts of aggressive patrols pushing forward on their own initiative and immediately rushes to the front to exploit the ""breakthrough"".
Kelly's men find that Clermont is defended by three Tiger tanks of the 1st SS Panzer Division with infantry support. The Americans are able to eliminate the German infantry and two of the Tigers, but the final tank parks itself right in front of the bank and Oddball's Sherman breaks down, leaving them stalemated. At Crapgame’s suggestion, Kelly offers the German tank commander and his crew an equal share of the loot.
After the Tiger blows the bank doors open, the Germans and Americans divide the spoils and go their separate ways, just barely managing to avoid meeting the still-oblivious General Colt, who is blocked from entering Clermont by the French residents who have been deceived by Big Joe into thinking that General Charles de Gaulle is coming. Not long after the freelancers have gone, Captain Maitland enters the bank, to find a Kilroy and the words ""Up Yours, Baby"" painted by one of Kelly's crew on the wall.","Private Kelly, a former lieutenant scapegoated for a failed infantry assault, captures Colonel Dankhopf of Wehrmacht Intelligence. He learns that there is a cache of 14,000 gold bars, worth $16,000,000. Kelly decides to go after the gold. The two units rendezvous two nights later and battle their way across the river to Clermont.","Adventure,Comedy,War",Brian G. Hutton,"Clint Eastwood,Telly Savalas,Don Rickles,Carroll O'Connor,Donald Sutherland,Gavin MacLeod,Hal Buckley,Stuart Margolin,Jeff Morris,Richard Davalos"
1970,The Kremlin Letter,"Late in 1969, a brilliant young United States Navy intelligence officer, Charles Rone, finds his commission revoked so that he can be recruited into an espionage mission. Rone is told that the mission is being undertaken independently of governmental intelligence agencies, as was commonplace prior to World War II, when espionage operations were handled by a small community of agents operating on a freelance basis.
Rone is told that the primary operator in that community, a ""brutal, sadistic, conscienceless assassin"" named Robert Stuydevant, did not adapt to the post-war shift to government intelligence agencies, along with the disbanding of the independent network of spies, with Stuydevant disappearing and reportedly later committing suicide. Now, the government has suffered a significant failure in an important intelligence operation and has turned back to the independent agents for help.
This time, ""The Highwayman"", another member of the old group of independent spies is the man leading the effort to reassemble the network to take on this mission. Another member of the group has recently died, and Rone has been tabbed as his replacement, due to Rone's exceptional analytical skills, eidetic memory and ability to speak eight languages with a native accent.
Rone meets with The Highwayman and another group member, Ward, the latter of whom takes on the role of Rone's primary tutor. They first task Rone with rounding up three other members of the group: Janis, ""The Whore"", a drug dealer and panderer, ""The Warlock"", a culturally sophisticated homosexual, and ""The Erector Set"", a highly skilled thief and burglar.
Janis begs off of the mission, saying that he won't work for The Highwayman, but only for Stuydevant, whom he believes would never have killed himself. Rone finally bribes him into agreeing to participate. The Warlock joins the operation without hesitation, but The Erector Set's hands have become too arthritic to be of use. Instead, he sends his beautiful daughter, B.A., in his place, as he has trained her to be as capable as is he.
The group's mission is the retrieval of a letter, written without proper authorization, that promises United States aid to the Soviet Union in destroying Chinese atomic weapons plants. The letter had been solicited on behalf of an unknown high-level Soviet official by Dmitri Polyakov, who had previously been selling Soviet secrets to the United States that he had obtained from that same Soviet official. Upon finding out about the letter, which was a de facto ""declaration of war against China"", U.S. and British authorities had contacted Polyakov and arranged to buy it back from him. However, Polyakov then committed suicide after being apprehended by Soviet counter-intelligence, under the direction of Colonel Yakov Kosnov.
The group blackmails Captain Potkin, the Soviet head of counter-intelligence in the U.S., threatening his family to force him to allow them the use of his usually-vacant apartment in Moscow. Once they arrive in the Soviet Union, the terminally ill Highwayman sacrifices his life, attempting to divert the attention of Soviet counter-intelligence away from the remainder of the team. Rone is assigned to remain at the apartment with Ward and accept reports verbally from other team members, Rone's memory allowing them to avoid the use of written records. Janis, The Warlock and B.A. then set out to establish themselves in various parts of Russian society as they try to ascertain the identity of Polyakov's contact.
Janis enters a partnership with a local brothel operator, who points him to a Chinese man known as ""The Kitai"" as a possible source for names of officials and others to whom he can sell heroin, with which Janis already plans to keep the prostitutes addicted. Janis later discerns that the Kitai is also a spy and further happens to spot Kosnov leaving a local night club with a woman whom he discovers was Polyakov's devoted wife, Erika Beck. She is now married to Kosnov, so B.A. plants a listening device in their bedroom. After that, B.A. takes up with a local small-time thief and black market operator, though she finds herself terribly unhappy and wishes only to return home to her father. In the meantime, the Warlock integrates himself into the local community of intellectual homosexuals, starting an affair with a university professor. He then meets one of the professor's students who was Polyakov's former lover and who informs him that Polyakov had had a relationship with Vladimir Bresnavitch of the Soviet Central Committee.
Bresnavitch turns out to have an adversarial relationship with Kosnov, whose activities Bresnavitch oversees on behalf of the Committee. According to Kosnov, the animosity between the two men went back many years to when Bresnavitch sought to oust Kosnov from his job, in favor of Stuydevant. Prior to that time, Kosnov and Stuydevant had been friendly, with each one trusting the other to allow his agents to operate in the other's territory. However, with the pressure from Bresnavitch, Kosnov decided he had to do ""something spectacular"" to keep his job, so he betrayed Stuydevant's trust and captured his agents, employing a great deal of brutality and earning the lasting enmity of Stuydevant himself.
Upon deducing that Bresnavitch had used Polyakov to fence stolen art works in Paris, Ward decides to go there in search of any possible leads. On the day of his return, the group's mission is destroyed when Potkin returns to the Soviet Union and informs Bresnavitch about the operation. Janis, B.A. and Ward are apprehended, while The Warlock commits suicide just before capture and Rone narrowly escapes. Rone tries visiting the Kitai to arrange re-purchase of the letter, but the Kitai responds by trying to kill him and Rone determines that the Chinese have possession of the letter.
Rone then turns to Erika, with whom he has been having an affair while posing as a Russian gigolo named Yorgi. He hopes to get her to inquire with her husband about the condition of those captured. She informs him that Kosnov participated in no such capture, and Rone realizes that Bresnavitch quietly orchestrated the raid without the knowledge of Soviet counter-intelligence, a clear indicator that he was Polyakov's traitorous high-level Soviet official contact. Rone's questions reveal to Erika his true identity and he promises to help her escape to the West. She tells him she will try to ascertain the fates of the captured agents and later reports back that B.A. has taken poison and is expected to die, while one of the men is dead and the other has survived and is being held captive.
Rone threatens to expose Bresnavitch unless Ward, the surviving agent, is released. Bresnavitch agrees, and Rone and Ward then arrange to leave the next day. Disapproving of Rone's plans to aid Erika, Ward lures her into a trap and kills her. Kosnov believes that her lover Yorgi killed her and tracks down Rone, though unaware of Rone's true identity, in search of revenge. But Ward enters, leading Kosnov to observe that ""I seem to know you."" Ward says that the two men have ""a lot of old corpses to dig up and talk about."" He begins listing the names of the agents betrayed by Kosnov and says that the time has come for retribution, as he shoots Kosnov in the kneecap. Kosnov stares at Ward in disbelief, saying ""No, it isn't. It can't be."" Ward then closes on him off-camera and Kosnov begins screaming in torment.
As they head for a plane to leave the country, Rone shares with Ward his conclusions that Ward is in fact Stuydevant and intends to stay, having made a deal with Bresnavitch to take over as the head of Soviet counter-intelligence. Ward denies it, but only coyly, and then reveals that B.A. is not dead. He says that she will be held to ensure that Rone does not reveal the truth about him. Rone, very much in love with B.A., vows that he'll get her back somehow. Ward offers to release B.A. if Rone does ""one last little thing"", handing Rone an envelope as Rone boards the plane. After seating himself, Rone opens the envelope to find a note which reads, ""Kill Potkin's wife and daughters or I kill the girl.""","U.S. Navy intelligence officer Charles Rone finds his commission revoked so he can be recruited into an espionage mission. Rone is told that the mission is being undertaken independently of governmental intelligence agencies. The mission is the retrieval of a letter, written without proper authorization, that promises United States aid to the Soviet Union in destroying Chinese atomic weapons plants.","Crime,Drama,Thriller",John Huston,"Richard Boone,Nigel Green,Dean Jagger,Micheál MacLiammóir,Patrick O'Neal,Ronald Radd,George Sanders"
1970,The Lady in the Car with Glasses and a Gun,"Just before the Bastille Day holiday weekend English secretary, Danielle 'Dany' Lang, types up a document for her advertising agency boss, Michael Caldwell, to take on a business trip to Geneva. On the way to drop off her boss and his wife, Anita, her former room-mate, at the airport, her boss gives her a envelope with her pay in it.
After dropping them off Dany impulsively decides to drive to the Riviera for the weekend. When Dany pulls into a small café the owner tries to return a coat to her she claims she left there the day before. At a petrol station Dany is attacked in the toilet and injures her hand. She is bemused as various strangers claim to know her.
Heading further south she picks up a hitch-hiker, Philippe and the pair spend the night together. The following day Philippe steals Dany's car prior to reaching the coast. She later finds Philippe in Marseilles where they find a man's body and a gun in the trunk of the car.
After Philippe disappears again, Dany visits the home of the dead man in Avignon and oddly finds both some of her clothes and also nude pictures of herself. Returning to the café to reclaim the coat she finds a copy of her pay envelope in one of the coat's pockets. Dany is now completely perplexed by the situation and returns to the dead man's home where her boss, Michael, is waiting for her. He tells Dany that the dead man was one of Anita's lovers, whom she murdered at his home. To frame Dany, they planted evidence and set up various incidents to establish her guilt: the attack in the toilet was committed by Michael, who injured her hand so Anita could wear a bandage and be mistaken for the secretary; and the nude photos had been taken by Anita when they were room-mates.
When Michael tells Dany he plans to murder her and make it look like a suicide she tells him he won't succeed as she has already sent both pay envelopes to the police.","English secretary, Danielle 'Dany' Lang, is sent to the Riviera for the Bastille Day holiday weekend. Dany is attacked in the toilet and injures her hand at a petrol station. She later finds a man's body and a gun in the trunk of her car in Marseilles. The dead man was one of Anita's lovers, whom she murdered at his home. To frame Dany, they planted evidence and set up various incidents to establish her guilt.","Drama,Mystery,Thriller",Anatole Litvak,"Oliver Reed,John McEnery,André Oumansky,Jacques Fabbri,Jacques Legras,Yves Pignot"
1970,The Landlord,"Elgar Enders, a man who lives off his parents' wealth, buys himself an inner-city tenement, in the transitional neighborhood of 1970 Park Slope, Brooklyn, planning to evict all the occupants and construct a luxury home for himself. However, once he ventures into the tenement, he gradually grows fond of the low-income black residents who dwell there. Enders decides to remain as the landlord, and help fix the apartment building. He rebels against his WASP upbringing, and to his parents' dismay, he romances two black women.
Elgar falls for Lanie, a dancer at a local black club. Lanie is a beautiful black woman who has a mother of Irish descent, and a father of African descent, thus she has light skin and features, and has experienced colorism because of it. Their relationship is strained, as Elgar has an affair with one of his tenants, Fanny, and gets her pregnant. Consequently, her boyfriend Copee, a black activist with an identity crisis, is enraged when he finds out about the pregnancy, and tries to kill Elgar with an axe. He ultimately stops. The Enders family is shaken and stirred by their son's decisions and behavior, but reluctantly accepts him. Ultimately, Fanny gives the child up for adoption to start a new life. The story ends with Elgar taking custody of child, mending his relationship with Lanie, and moving in with her and the baby.","Elgar Enders buys himself an inner-city tenement, in the transitional neighborhood of 1970 Park Slope, Brooklyn. He rebels against his WASP upbringing, and to his parents' dismay, he romances two black women. The story ends with Elgar taking custody of child, mending relationship with Lanie, and moving in with her and the baby.","Comedy,Drama,Romance",Hal Ashby,"Beau Bridges,Walter Brooke,Louis Gossett Jr.,Mel Stewart,Robert Klein"
1970,Last of the Mobile Hot Shots,"In New Orleans, Myrtle Kane and Jeb Stuart Thorington, arrive on The Rube Benedict Show where the eponymous host selects them and another couple as contestants. Despite not knowing each other, the couple wins the competition, and decides to earn $3,500 on one condition, to have their marriage ordained by a minister on set. Using the check to restore Waverley Plantation, the couple arrives there, about 100 miles upstream from New Orleans, where Jeb introduces his wife to the decaying plantation mansion his family has owned since 1840. Sometime later, Jeb introduces Myrtle to his multiracial half-brother Chicken (Robert Hooks) – on his father's side – who earned his name for hoarding chickens to the rooftop during their childhood. Myrtle eventually shares her background in show business as the last surviving member of an Alabama female quintet named the Mobile Hot-Shots.
After Myrtle steps out, Jeb and Chicken engage in an argument where Jeb states his ownership over the mansion while Chicken states that when Jeb succumbs to terminal lung cancer, he will become the new owner as he is next of kin. Then, Jeb reveals to Myrtle in a flashback that he was discharged from the army, he engages in a ""war"" with Chicken ordering his half-brother to leave the mansion, though Chicken would return to sign an agreement making him the next subsequent owner.
On her way to dinner, Myrtle grows an immediate dislike for her brother-in-law, though Jeb orders Myrtle to retrieve the agreement from Chicken's wallet in his back pocket. However, she is unsuccessful in her attempts until Jeb orders his wife to kill Chicken with a hammer and never to return upstairs without the document. When Myrtle goes downstairs once more, she engages in a conversation until she ultimately reveals she never married Jeb. Chicken refuses to believe it, and orders her to retrieve her marriage license. Myrtle returns upstairs angering Jeb for not retrieving the agreement, and then shows Chicken the marriage license.
After showing the marriage license, Myrtle engages in an extramarital affair with Chicken. Meanwhile, Jeb, who has experiences several flashbacks of his mother and multiple threesome affairs with several prostitutes, is angered that his wife has not returned with the document, and marches downstairs armed with a pistol where he ultimately burns the agreement. Subsequently after burning the agreement, Chicken reveals that he is actually the plantation's heir through his mother, rather than the ""mistake"" produced from an interracial extramarital affair committed by Jeb's father, who later died in World War II. Learning of the revelation, Jeb collapses to the floor and dies.
Finally, the levee breaks forcing Chicken and Myrtle to ascend to the rooftop to escape the surrounding floodwaters for refuge and sexual fulfillment.","Myrtle Kane and Jeb Stuart Thorington arrive on The Rube Benedict Show where the eponymous host selects them and another couple as contestants. Despite not knowing each other, the couple wins the competition, and decides to earn $3,500 on one condition, to have their marriage ordained by a minister on set. Jeb introduces Myrtle to his multiracial half-brother Chicken (Robert Hooks) – on his father's side – who earned his name for hoarding chickens to the rooftop during their childhood. Jeb and Chicken engage in an argument where Jeb states his ownership over the mansion while Chicken states that when Jeb",drama,Sidney Lumet,"James Coburn, Lynn Redgrave"
1970,The Last Warrior,"Flapping Eagle lives on an Indian reservation in the southwestern United States. He drinks too much, one of many sources of disagreement between Flap and his sweetheart, Dorothy Bluebell. He also has trouble with his arch-rival, Sgt. Rafferty, a brutal, bigoted police officer in town.
Flap launches protests, first disrupting a construction crew's bulldozer impeding on Indian land, then stealing a train after a lawyer, Wounded Bear, leads him to believe the train would become legal Indian property once it's in their territory.
Rafferty is violently beaten by Flap after a series of insults and abuses and the last straw, the shooting of a dog. Flap, now an Indian activist whose protests have gained him publicity and popularity, leads a protest march through the town. From a hospital window, Rafferty aims a rifle and assassinates him.","Flap Eagle lives on an Indian reservation in the southwestern United States. He drinks too much, one of many sources of disagreement between Flap and his sweetheart. He also has trouble with his arch-rival, Sgt. Rafferty, a brutal, bigoted police officer in town. Flap launches protests, first disrupting a bulldozer impeding on Indian land.",western,Carol Reed,"Anthony Quinn, Claude Akins, Shelley Winters, Tony Bill"
1970,Little Big Man,"In 1970, 121-year-old Jack Crabb, the oldest living man in the world is residing in a hospice, and recounts his plentiful life story to a curious historian. Among other things, Crabb claims to have been a captive of the Cheyenne, a gunslinger, an associate of Wild Bill Hickok, a scout for General George Armstrong Custer, and the sole white survivor of the Battle of Little Bighorn.
Jack begins his story in a flashback to 1859, when he was 10 years old where he and his older sister Caroline survived the massacre of their parents by the Pawnee, and are discovered by a Cheyenne brave who takes the pair to his village. Caroline escapes, but Jack is reared by the goodhearted tribal leader, Old Lodge Skins. As Jack gets older, he unwittingly makes an enemy of another boy, Younger Bear; however, Younger Bear eventually owes his life to Jack since he saved his life from a Pawnee brave. Jack is given the name ""Little Big Man"" because he is short but very brave. In 1865, when Jack is 16, he is captured by U.S. cavalry troopers during a skirmish, and renounces his Cheyenne upbringing in order to save himself. He is put in the care of Reverend Silas Pendrake, and his sexually frustrated wife, Louise, who tries to seduce Jack. When he witnesses Mrs. Pendrake having sex with the soda shop owner, Jack leaves the Pendrake household, and religion.
The following year, Jack becomes the apprentice of the snake-oil salesman Meriweather. The two are tarred and feathered when their customers realize that Meriweather's products are fraudulent. One of the angry customers is Jack's now-grown sister, Caroline, with whom he reunites. She attempts to mold her brother into a gunslinger named the Soda Pop Kid. Jack meets Wild Bill Hickok at a saloon, and Hickok takes a liking to the young man. When Hickok is forced to kill a man in self-defense, Jack loses his taste for gunslinging and Caroline deserts him.
Another year or so later, Jack becomes a partner in a general store and marries a Swedish woman named Olga. Unfortunately, Jack's business partner turns out to be a thieving scoundrel. The famous cavalry officer George Armstrong Custer suggests the couple restart their lives further west and assures them they have nothing to fear of Indians. They set out, but their stagecoach is ambushed by Cheyenne warriors. Olga is abducted and Jack sets out in search of her. He is reunited with Old Lodge Skins. Younger Bear has become a Contrary, a warrior who does everything in reverse. Jack makes friends with the Heemaneh Little Horse, but continues on his search for Olga.
Jack eventually becomes a ""muleskinner"" in Custer's 7th Cavalry, only because Custer incorrectly determines that was Jack's past job. He takes part in a battle against the Cheyenne, but when the troopers begin killing women and children, Jack turns on them. On the outskirts of the massacre, Jack is attacked by Shadow, the Cheyenne brave who saved him as a child but now does not recognize him. Shadow is killed by a cavalryman, and Jack discovers his daughter, Sunshine, giving birth while hiding from the onslaught. He returns with her to Old Lodge Skins's tribe. Sunshine becomes his wife and bears him a child. Jack again encounters Younger Bear, not a Contrary anymore, who is now the henpecked husband of the long-lost Olga. Olga does not recognize Jack, who makes no attempt to make her remember him. Sunshine asks Jack to take in her three widowed sisters as wives and to father children with them. He is reluctant at first, but finally agrees.
In November 1868, Custer and the 7th Cavalry make a surprise attack on the Cheyenne camp at the Washita River. A now-blind and elderly Old Lodge Skins is saved by Jack, but Sunshine, their child, and her sisters are killed. Jack tries to infiltrate Custer's camp to exact revenge, but loses his nerve to kill Custer.
Disheartened, Jack withdraws from life and becomes the town drunk living in Deadwood, South Dakota for the next several years. While in a drunken stupor, he is recognized by Wild Bill Hickok, who gives him money to get cleaned up. Hickok is shot and killed while playing cards and, with his last breath, asks Jack to bring some money to a widow he was having an affair with. Jack visits the widow, now a prostitute who turns out to be Louise Pendrake. Jack gives her the money that Hickok intended for her to use to start a new life, but again rebuffs her sexual advances.
Jack soon becomes a trapper and hermit. His mind becomes unhinged after coming across an empty trap with a severed animal limb. He prepares to commit suicide, but sees Custer and his troops marching nearby, and decides to return to his quest for revenge. Custer hires him as a scout, reasoning that anything Jack says will be a lie, thus serving as a perfect reverse barometer. Jack tricks Custer into leading his troops into a trap at the Little Bighorn by truthfully telling Custer of the overwhelming force of Native Americans hidden within the valley. As Custer's troops are slaughtered by the combined Sioux and Cheyenne group, he begins to rave insanely. The mad Custer attempts to shoot Jack who is wounded, but is killed by Younger Bear, who then carries Jack away from the battlefield. Having thus discharged his life debt, Younger Bear tells Jack that the next time they meet, he can kill Jack without becoming an evil person.
Back at the Indian camp, Jack accompanies Old Lodge Skins to a nearby hill, the Indian burial ground, where the old man, dressed in full chief's regalia, has declared ""It is a good day to die"", and decides to end his life with dignity. He offers his spirit to the Great Spirit, and lies down at his spot at the Indian Burial Ground to wait for death. Instead, it begins to rain. Old Lodge Skins is revealed to still be alive, and says, ""Sometimes the magic works, and sometimes it doesn't"". They return to his tepee to have dinner.
Back in the present, Jack's narrative ends and he dismisses the historian. The elderly Jack now thinks with sadness about the memories of a world which is no more.","In 1970, 121-year-old Jack Crabb, the oldest living man in the world, recounts his plentiful life story to a curious historian. Crabb claims to have been a captive of the Cheyenne, a gunslinger, an associate of Wild Bill Hickok, a scout for General George Armstrong Custer, and the sole white survivor of the Battle of Little Bighorn.","Adventure,Drama,Western",Arthur Penn,"Dustin Hoffman,Chief Dan George,Martin Balsam,Richard Mulligan,Jeff Corey,Robert Little Star"
1970,Little Fauss and Big Halsy,"Halsy Knox, a professional motorcycle racer, runs into Little Fauss, an amateur racer, after a race held near Phoenix, Arizona. They strike up a friendship as Fauss is attracted to Halsy's carefree lifestyle. Fauss's father, however, regards Halsy as a bad influence on his son and refuses to help Halsy when his truck breaks down. When Halsy arrives later at the motorcycle repair shop where Fauss is employed he tricks the admiring Fauss into repairing his motorcycle for free. Halsy, who has been barred from racing for drinking on the track, proposes that they form a partnership in which Halsy would race under Fauss's name with Fauss serving as the mechanic. Fauss joins Halsy on the motorcycle racing circuit despite his parent's disapproval. Fauss is constantly confronted with his inferiority to Halsy, both on and off the racetrack. Their partnership is finally broken when Rita Nebraska, a drop-out from a wealthy background, arrives at the racetrack and immediately attaches herself to Halsy, despite the attention Fauss pays her. Fauss returns home to his parents after breaking his leg in a motorcycle accident. Several months later, when his leg has healed, Halsy visits him and attempts to ditch Rita, who is now pregnant. Fauss, however, refuses to take her. He informs Halsy that he plans to reenter the racing circuit. The two men race against each other a short time later at the Sears Point International Raceway. Halsy's motorcycle breaks down. As he leaves the track, he hears the announcement that Fauss has taken the lead.
In addition to the above Plot summary, at the Sears Point meeting Fauss tells Halsy that he has been drafted. The difference between these two characters is further defined.","Halsy Knox, a professional motorcycle racer, runs into Little Fauss, an amateur racer, after a race held near Phoenix, Arizona. They strike up a friendship as Fauss is attracted to the carefree lifestyle of Fauss. Fauss's father regards HALSy as a bad influence on his son and refuses to help when his truck breaks down. The two men race against each other a short time later at the Sears Point International Raceway.",Drama,Sidney J. Furie,"Robert Redford,Michael J. Pollard,Noah Beery Jr.,Ray Ballard,Ben Archibek"
1970,Love Story,"Oliver Barrett IV is the heir of an American upper-class East Coast family attending Harvard College, where he plays ice hockey. He meets Jennifer ""Jenny"" Cavalleri, a quick-witted, working-class Radcliffe College student of classical music; they quickly fall in love despite their differences.
When Jenny reveals her plans to study in Paris, Oliver is upset that he does not figure in those plans. He proposes, she accepts, and they travel to the Barrett mansion so she can meet Oliver's parents, who are unimpressed with her and judgmental. Later, Oliver's father tells him that he will cut him off financially if he marries Jenny. After graduation Oliver and Jenny marry nonetheless.
Without his father's financial support, the couple struggle to pay Oliver's way through Harvard Law School; Jenny works as a teacher. Oliver graduates third in his class and takes a position at a respectable New York City law firm. They are ready to start a family, but fail to conceive. After many tests Oliver is told that Jenny is terminally ill.
Oliver attempts to live a ""normal life"" without telling Jenny of her condition, but she finds out after confronting her doctor. Oliver buys tickets to Paris but she declines to go, wanting only time with him. To pay for Jenny's cancer therapy, Oliver seeks money from his estranged father, who asks if him if he has ""gotten a girl in trouble."" Oliver simply says yes, and his father writes a check.
From her hospital bed, Jenny makes funeral arrangements with her father, then asks for Oliver. She tells him to not blame himself, insisting that he never held her back from music and it was worth it for the love they shared. Jenny's last wish is made when she asks him to embrace her tightly before she dies. As grief-stricken Oliver leaves the hospital, he sees his father outside, having rushed to New York City from Massachusetts as soon as he heard the news about Jenny and wanting to offer his help. Oliver tells him, ""Jenny's dead,"" and his father says ""I'm sorry,"" to which Oliver responds, ""Love– Love means never having to say you're sorry."" Oliver walks back alone to the outdoor ice rink, where Jenny had watched him skate the day she was hospitalized.","Oliver Barrett IV is the heir of an upper-class East Coast family attending Harvard College. He meets Jennifer ""Jenny"" Cavalleri, a working-class student of classical music. They quickly fall in love despite their differences. After graduation Oliver and Jenny marry nonetheless. They are ready to start a family, but fail to conceive. After many tests Oliver is told that Jenny is terminally ill.","Drama,Romance",Arthur Hiller,"Ryan O'Neal,John Marley,Ray Milland,Russell Nype,Sydney Walker,Robert Modica,Walker Daniels,Tommy Lee Jones"
1970,"M""A*S*H","In 1951, the 4077th Mobile Army Surgical Hospital in South Korea is assigned two new surgeons, ""Hawkeye"" Pierce and ""Duke"" Forrest, who arrive in a stolen Jeep. They are insubordinate, womanizing, mischievous rule-breakers, but they soon prove to be excellent combat surgeons. Other characters already stationed at the camp include bumbling commanding officer Henry Blake, his hyper-competent chief clerk Radar O'Reilly, dentist Walter ""Painless Pole"" Waldowski, the incompetent and pompous surgeon Frank Burns, and the contemplative Chaplain Father Mulcahy.
The main characters in the camp divide into two factions. Irritated by Burns' religious fervor, Hawkeye and Duke get Blake to move him to another tent so newly arrived chest surgeon Trapper John McIntyre can move in. The three doctors (the ""Swampmen,"" after the nickname for their tent) have little respect for military protocol, having been drafted into the Army, and are prone to pranks, womanizing, and heavy drinking. Burns is a straitlaced military officer who wants everything done efficiently and by the book, as is Margaret Houlihan, who has been assigned to the 4077th as head nurse. The two bond over their respect for regulations and start a secret romance. With help from Radar, the Swampmen sneak a microphone into a tent where the couple are making love and broadcast their affair over the camp's PA system, embarrassing them badly. The next morning, Hawkeye goads Burns into assaulting him, resulting in Burns' removal from the camp for psychiatric evaluation. Later, the Swampmen humiliate Houlihan again by pulling up the walls of the shower tent while she is inside, exposing her naked body for all to see.
Painless, described variously as ""the best-equipped dentist in the Army"" and ""the dental Don Juan of Detroit,"" becomes depressed over an incident of impotence and announces his intention to commit suicide. The Swampmen agree to help him carry out the deed, staging a feast reminiscent of the Last Supper, arranging for Father Mulcahy to give Painless the last rites, and providing him with a ""black capsule"" to speed him on his way. Hawkeye persuades the gorgeous Lieutenant ""Dish"" Schneider, who is being transferred back to the United States for discharge, to spend the night with Painless to cure his temporary impotence. The next morning, Painless is his usual cheerful self, and a smiling Dish leaves camp in a helicopter to start her journey home.
Trapper and Hawkeye are sent to Japan on temporary duty to operate on a Congressman's son. When they later perform an unauthorized operation on a local infant, they face disciplinary action from the hospital commander for misusing Army resources. Using staged photographs of him in bed with a prostitute, they blackmail him into keeping his mouth shut.
Following their return to camp, Blake and General Hammond organize a game of football between the 4077th and the 325th Evac Hospital and wager several thousand dollars on its outcome. At Hawkeye's suggestion, Blake applies to have a specific neurosurgeon–Dr. Oliver Harmon Jones, a former professional football player for the San Francisco 49ers–transferred to the 4077th as a ringer. Blake bets half his money up front, keeping Jones out of the first half of the game. The 325th scores repeatedly and easily, even after the 4077th drugs one of their star players to incapacitate him, and Hammond confidently offers high odds against which Blake bets the rest of his money. Jones enters the second half, which quickly devolves into a free-for-all, and the 4077th gets the 325th's ringer thrown out of the game and wins with one last trick play.
Not long after the football game, Hawkeye and Duke get their discharge orders and begin their journey home–taking the same stolen Jeep in which they arrived.","In 1951, the 4077th Mobile Army Surgical Hospital in South Korea is assigned two new surgeons, ""Hawkeye"" Pierce and ""Duke"" Forrest, who arrive in a stolen Jeep, are insubordinate, womanizing, mischievous rule-breakers. The main characters in the camp divide into two factions. The ""Swampmen"" have little respect for military protocol, having been drafted into the Army.","comedy, war",Robert Altman,"Donald Sutherland, Elliott Gould, Sally Kellerman, Tom Skerritt, Jo Ann Pflug, John Schuck, Robert Duvall, René Auberjonois, Roger Bowen, Fred Williamson"
1970,Macho Callahan,"Placed behind bars during the war, Diego Callahan, also known as ""Macho,"" travels to Texas looking for the man responsible for his imprisonment.
He quarrels with a one-armed Confederate Army colonel, David Mountford, over a bottle of champagne and kills him in front of his wife, Alexandra. Vowing vengeance, she immediately puts a $1,000 bounty on Callahan's head. She entices Duffy, to help her seek out Callahan, who wears the yellow boots that Callahan remembers him by.
Traveling with Alexandra through Confederate Texas, Duffy locates Callahan and challenges him to a game of horseshoes for money, but when Alexandra seeks Duffy, she finds that Callahan has hanged him.
Alexandra goes to work at a casino run by Harry Wheeler, writing letters for illiterate cowboys. Wheeler agrees to hire a team of bounty hunters and give chase. Alexandra spots Callahan at the casino, and befriends a young cowboy, Yancy. She convinces him that her honor has been insulted. Yancy goes over to where Callahan is playing poker and a melee breaks out. He escapes in the confusion but she pursues Callahan on her own and meets up with him, and the two travel with Callahan's partner.
Later, in Callahan's cabin, Alexandra tries to kill him, but Callahan overpowers her and savagely beats her before raping her. Despite the savage beating leaving scars on her face, Alexandra decides to stay at the cabin, likely suffering from Stockholm syndrome. After nearly being killed by a mother bear protecting her cub, she is saved by Callahan, who shoots the adult bear. He saves the cub because it won't survive on its own. She falls in love with Callahan.
Now in love with the man who has killed her husband, she travels with Callahan and his partner, but Wheeler's posse is in pursuit. Wheeler's men are determined to collect that reward, and Callahan finds that he can't kill them all.","Diego Callahan, also known as ""Macho,"" travels to Texas looking for the man responsible for his imprisonment. He quarrels with a one-armed Confederate Army colonel, David Mountford, over a bottle of champagne and kills him in front of his wife, Alexandra. Vowing vengeance, Alexandra puts a $1,000 bounty on Callahan's head. She travels with Callahan and his partner, but Wheeler's posse is in pursuit.","Drama,Western",Bernard L. Kowalski,"David Janssen,Lee J. Cobb,James Booth,Pedro Armendáriz Jr.,David Carradine,Bo Hopkins,Richard Anderson"
1970,Maidstone,"Norman T. Kingsley is a filmmaker who is known as the “American Bunuel”, and he is working on a sexually provocative drama about a brothel with both female and male employees. Throughout this documentary,which is broken down into twelve chapters, Kingsley has his friends, actors, ""wanna-be"" actresses, and other colleagues join him on his estate in Upstate New York to audition for and work on his sexual drama. The different chapters in Maidstone are filmed in documentary form, The movie depicts Kingsley's everyday lifestyle as an actor and filmmaker. Kingsley chooses the cast for his film which is made of several different men and women. Kingsley refers to himself as a narcissist. Several nice looking women are shown auditioning for a role in Kingsley's film, and Kingsley is shown criticizing them heavily. He places himself within the film to show the women actresses what he is looking for in his film. Kingsley is very realistic and convincing in his own acting. In addition to directing his film, he is also campaigning to become the president and, in doing so, he attracts journalists, scholars, and some African American radicals who question him about his campaign. Some of the attention that he draws leads to a group of people, known as PAX,C, discussing the need to have Kingsley assassinated. One scene in Maidstone also shows a boxing style fight scene between Norman Mailer and Co-Star Rip Torn. The fight scene contributed to the legacy of Maidstone (See Legacy). Below is a general breakdown of what takes place in each chapter of Maidstone. Mailer decided to break the film into twelve chapters. Besides number 12, ""Silences of an Afternoon"", all of the chapters refer directly to the context of the plot. Chapter details are included in the chapter summaries below.[1]
(Note: Norman Mailer intentionally spelled out the numeral ""Eight"" in that chapter of the film.)
The film opens with a male voice presenting a series of news casts by British commentator, Jean Cardigan, who is known in England for the intimacy in her portraits of the great and the near great. She is also described as ""The sauciest bite in Britain."" Next, Jean Cardigan appears and begins speaking about Norman T. Kingsley running for president. Her purpose is to keep a watch on Kingsley. The next scene is ""The Meeting of High Officials"", in which a group of men and women are sitting in a living room and listening to a man describe Norman T. Kingsley. They provide a background for Kingsley. They say that Kingsley's dominant nationality is Welsh, and that he went to different schools in pursuit of a degree in architecture. Kingsley is described as ""indigenous, original, and a bit bizarre."" The movie then changes to a clip where Kingsley begins auditioning women for his film. It then returns to the High Officials discussing Kingsley and his biography.
In chapter two which is entitled ""The Director"", Kingsley continues auditioning woman and critiquing them heavily. Kingsley asks the women if they would be prepared to take off their clothes if the film called for it. At the same time, the High Officials provide psychoanalytic theories of Kingsley. The High Officials mention that Kingsley lives in New York, is separated from his wife, and has had no contact with his five children. One High Official wants to know Kingsley's position on Red China, Soviet Russia, The New African States, Israel, the Arab States, presumably in reference to Kingsley's presidential campaign. They introduce Mrs. Oswald, who works for Kingsley, because she knows the most about him. Mrs. Oswald claims that she knows about Kingsley as much as everyone else. The High Officials mention the Buñuel movie, and right after is their first mention of Kingsley being right for assassination. The chapter concludes with a backyard boxing fight between Kingsley and Raoul Rey O'Houlihan. Kingsley demands not to be hit in his face because he will appear in his own film.
In chapter three of the film, Jean Cardigan talks about the new secret elite peace organization- Prevention of Assassination Experiments, Control (PAX,C). Cardigan says she heard that PAX,C excites assassinations rather than prevents them. She was accused of being a member of the British equivalent of PAX,C, but she denies involvement. The scene changes back to the High Officials discussing the Cash Box. In this scene it is explained that Rey is KIngsley's half-brother. Again, the scene changes back to Kingsley who says that he is on top of the Cash Box and Rey is right under him. This changes into a photographer taking pictures of the potential actresses, and then to an older woman speaking with Kingsley about using her estate for filming.
Chapter four is titled ""Instructions To The Cast."" It opens with Kingsley speaking with his chosen film cast. He explains that the film is a movie about a brothel in which men work to mate women. He explains the sexual nature of the film. The scene changes back and forth between two men fishing and Kingsley speaking to the cast. This concludes chapter four.
Chapter five is titled ""Politicking in the Grass."" It starts with the Cash box talking to each other. The scene changes to Ms. Cardigan talking about how Kingsley is receiving political delegations while he is making his ""sex movie."" She says that she saw one girl undress another while they were filming on the lawn of the estate, with the Cash Box to be seen in the open. She feels the Cash Box is not the best thing for a man who is running for president to be associated with, and that the film shoot is chaotic. After that, Kingsley speaks to a group of African American males about poverty and life. The men are convinced that Kingsley says what he says because he is seeking the black vote in his run for president. Then the president of the ladies college appears. This woman says she does not want to have a myth in the presidential office, and asks Kingsley about his credentials as a candidate. An argument ensues between a few African American males, and then we see a shirtless Kingsley lying on a lawn, speaking to a woman about voting. Then we see a conversation with Kingsley and other people discussing sexual freedom in America, and someone who hangs himself while having an erection. This concludes chapter five.
Chapter six is titled ""A Commencement of Filming."" It begins with Kingsley and the cast clearing out a room to start filming. It transitions into a semi-sexual scene between a male and a female who are presumably cast members of Kingsley's movie. The next scene is Kingsley speaking to a different female cast member. They discuss the type of men she has been with and prefers. She talks in depth about her sexual curiosity to be with an African American man. She states ""I heard they are good."" Kingsley kisses her and they get into a bed together. The next scene change is Kingsley again, talking to a different woman about an Irish poet who said, ""The devil is the most beautiful creature God ever created."" This is a paraphrase from John Milton's[2] Paradise Lost. Next we see Ms. Cardigan telling that the latest bulletin from NTK sexual front is that ""Ultraviolet"" who is the star of Andy Warhol movies, is going to be in Kingsley's film having sex with a black man. This is supposed to be a ""cinematic first"" for Kingsley. More conversation is shown with the cast members. Kingsley is then shown sexually caressing yet another female.
Chapter seven then begins, and it is titled ""Portents."" The High Officials discuss the manner in which they think Kingsley should be assassinated. A man from Kingsley's filming is then shown making unusual whooping noises with his mouth. This concludes chapter seven.
Chapter eight, titled ""Return of an Old Love,"" starts with a man interrupting Kingsley to tell him that ""Valarie Bruenelle"" is at the estate. Kingsley says that the last time he saw her, she was very ""rapid."" Kingsley meets with Bruenelle and they sit at a table smoking, talking, and singing a random musical tune. Kingsley asks why Bruenelle came to see him and asks if it was to wish him well. Bruenelle says she does not know if she wishes him well. Some photos are flashed across the screen showing Ms. Bruenell in her younger years. This concludes chapter eight.
Chapter nine is titled ""The Death of the Director."" Sexually induced moaning from a female is heard in the background. A man is shown falling to the floor, and then a man is shown playing the piano. This chapter changes scenes quickly, in a random flashing manner, showing images of back roads, Ms. Cardigan, Kingsley, Kingsley's wife and children, the estate, and other miscellaneous events. A sexual scene is shown with Kingsley speaking about his film becoming pornographic. The chapter then transitions into flashes of events occurring during Kingsley's presidential campaign. Several flashes of Kingsley and women are then shown, one with a fully nude woman. Kingsley is shown saying his film is awfully close to sexual exploitation. Several more sex scenes are shown, one with Ms. Cardigan exposing her almost-bare chest as her dress is open and loose on top. Ms. Cardigan is shown very disheveled, in an almost demonic state, holding a baby doll and screaming, ""I hate NTK!"" The final scene shows several people walking down a dirt road, away from the camera. This concludes chapter nine.
Chapter ten, titled "" The Grand Assassination Ball,"" opens with a party for Kingsley's presidential campaign. The High Officials and Kingsley's wife are in attendance. The scene opens with two of the cast members saying that the ""King has been assassinated"" and a sudden scream emits from both men. After this occurs, Kingsley makes his way on stage. Once there, he yells out something along the lines of ""Silence! The King is ready to speak!"" He makes a speech about how much he trusts everyone who is there until they betray him for the first time. As the music continues to play, everyone is dancing and appears to be enjoying themselves, except for the High Officials, who look mad. Next, one of the young black men from the cast tries to attack Kingsley. It takes several men to subdue him to the ground and to walk him out of the ball. After this, the music stops, Kingsley's brother walks up to his brother and yells out to the crowd ""Is my brother for freedom?"", to which his wife yells out, ""Come on! Play some freedom! Play some freedom! You don't know nothing about freedom!"" This scene ends by going completely black, and into the next scene where Kingsley's wife is sitting in his house smoking a cigarette. This concludes chapter ten.
Chapter eleven is titled ""A Course in Orientation."" This scene shows Kingsley entering his home where his wife awaits him. He sits down and she begins to raise her voice at him in anger. She talks about him getting ""even"" with her by not calling her into work. He then begins to discuss the actors and actresses he worked with during the film. His wife says he is afraid of real talent because it might steal something from him. This scene ends and the next scene shows Kingsley, his wife, and his kids on a sail boat in the ocean. This scenario changes to a yard scene where Kingsley is discussing the film with the cast and his crew. He says they have made a movie by a ""brand new process"". He adds that they have made a movie like a military operation. With a military operation, the troops take on the town and as they go forward, they encounter many obstacles and they have to get through them in the film. Kingsley says they have been making an attack on the nature of reality. He asks ""What is reality?"" The cast and crew begin to discuss what they do and don't like about Kingsley and the movie. One of the females did not like the ball, because she felt that since the cast trusted him, they had been ""manipulated, exploited, developed and educated"" by Kingsley. Kingsley then says he made the film to show how a man runs for president, and how his character running for president was a complete contradiction to the actor himself. He said in a fantasy world, his character could run for president. He and his cast and crew give a thankful round of applause to their host throughout the movie, Robert Gardiner. This scene ends with the camera crew riding away from the house where the movie was filmed. This concludes chapter eleven.
Chapter twelve is titled ""The Silences of an Afternoon."" The scene displays Kingsley's wife and kids walking on a dirt road with their mother and some other cast members walking around, relaxing since filming is over. It then changes over to a clip where Rey grabs his hammer and carries it with him. It changes again to another short clip where Rey is talking to one of the High Officials, and then it changes again to where Rey suddenly attacks Kingsley with the hammer and says Kingsley must die but not Mailer.. Kingsley and Rey both fall into the grass, wrestling. Kingsley says, ""No baby, you trust me."" He repeats this four or five times to calm his brother down while his hands are pinned to the ground. His wife starts screaming when she sees Kingsley on top of Rey; not because he is trying to hurt Rey, but because Rey tried to strangle Kingsley. At some point in the fight, Rey bites Kingsley's ear and draws blood. This all happens in the midst of his wife screaming and hitting Kingsley and Kingsley's children crying. Rey then claims that he had to do what he did, and that the movie would not be a movie without Kingsley's death. Rey then asks Kingsley why he thinks he came back. Rey says he doesn't need to come back. After the two brothers start walking up the dirt road, they start calling each other offensive names, and soon after Rey proclaims that everything that just happened was a scene from a ""Hollywood whorehouse movie."" This scene ends with the continuing of slander and name-calling between Kingsley and Rey. The last scene shows the two dirt roads surrounded by woods. This concludes chapter twelve and the film as a whole.","Norman Mailer decided to break Maidstone into twelve chapters. Norman T. Kingsley is a filmmaker who is working on a sexually provocative drama about a brothel with both female and male employees. The different chapters in Maidstone are filmed in documentary form, The movie depicts Kingsley's everyday lifestyle.",Drama,Norman Mailer,"Norman Mailer,Rip Torn,Paul Austin,Eddie Bonette,Steve Borton,Robert Byrne"
1970,A Man Called Horse,"English aristocrat John Morgan is captured, enslaved and treated like an animal by a Native American tribe. He comes to respect his captors' culture and gain their respect. He is aided in understanding the Sioux by another captive, Batise, the tribe's half-breed fool, who had tried to escape and was hamstrung behind both knees.
Determining that his only chance of freedom is to gain the respect of the tribe, he overcomes his repugnance and kills two warriors from the neighboring enemy Shoshone tribe, which allows him to claim warrior status. After his victory, he proposes marriage to one of the women with the horses taken in battle as bride-price and undergoes painful initiation rites, taking the native name ""Shunkawakan"" (or ""Horse"") as his Sioux name.
When one of the warriors takes a vow never to retreat in battle, Morgan's changing perspective is shown, as he turns angrily on the uncomprehending Batise, telling him, ""Five years you've lived here, and you've learned nothing about these people – all his death is to you is a means of escape."" After successfully helping to fend off an attack by the enemy tribe, he becomes a respected member of the tribe and ultimately their leader.","English aristocrat John Morgan is captured, enslaved and treated like an animal by a Native American tribe. He comes to respect his captors' culture and gain their respect. After successfully helping to fend off an attack by the enemy tribe, he becomes a respected member of the tribe and ultimately their leader.","Adventure,Drama,Western",Elliot Silverstein,"Richard Harris,Jean Gascon,Manu Tupou,Dub Taylor,James Gammon,William Jordan,Eddie Little Sky,Michael Baseleon"
1970,The Molly Maguires,"The Molly Maguires were a secret organization of Irish coal miners established in nineteenth century Pennsylvania to fight oppressive mineowners. Led by Jack Kehoe, they plant dynamite to destroy plant shafts and equipment, as real life Pinkerton Detective James McParland is employed to infiltrate the Mollies.
Kehoe and McParlan are working class immigrants from Ireland with essentially the same aspiration - advancement in the new society to which they have come. McParlan coldly betrays the group whose leader he has befriended and Kehoe kills to advance his cause. McParlan also develops a romantic interest in Mary Raines, but she ends up offended by his treachery.
Awaiting execution, Kehoe tells his erstwhile ally that no punishment short of hell can redeem his treachery; Detective McParlan retorts that in that case, ""See you in hell.""","The Molly Maguires were a secret organization of Irish coal miners. Led by Jack Kehoe, they plant dynamite to destroy plant shafts and equipment. Real life life Pinkerton Detective James McParland is employed to infiltrate the Mollies. Kehoe and McParlan are working class immigrants from Ireland.","Drama,History",Martin Ritt,"Sean Connery,Richard Harris,Frank Finlay,Anthony Zerbe,Art Lund,Philip Bourneuf,Anthony Costello,Brendan Dillon"
1970,Monty Walsh,"Monte Walsh is an aging cowboy facing the final days of the Wild West era. He and his friend Chet Rollins, another longtime cowhand, work at whatever ranch work comes their way, but ""nothing they can't do from a horse"". Their lives are divided between months on the range and the occasional trip into town. Camaraderie and competition with the other cowboys fill their days. They seek work and take a job at the ranch of Cal Brennan, where they meet an old friend, Shorty Austin, another ranch hand.
Monte has a long-term relationship with an old flame, prostitute and saloon girl Martine Bernard, who suffers from tuberculosis. Chet, meanwhile, has fallen in love with Mary Eagle, a widow who owns a hardware store. As barbed wire and railways steadily eliminate the need for the cowboy, Monte and his friends are left with fewer and fewer options. New work opportunities are available to them, but the freedom of the open prairie is what they long for. Shorty loses his job and gets involved in rustling and killing, gunning down a local lawman. Then Monte and Chet find that their lives on the range are inexorably redirected.
Chet marries Mary and goes to work in the store, telling Monte that their old way of life is simply disappearing. Caught up in the spirit of the moment, Monte asks Martine to marry him, and she accepts. Monte goes on a drinking binge and rides a wild horse through town, causing considerable damage, smashing through a plate glass window and shattering an entire store of breakables. A rodeo owner, Colonel Wilson, sees him and offers him a job. Monte considers the high salary, but decides the work is too degrading and refuses. Eventually, they all must say goodbye to the lives they knew, and try to make a new start. When Shorty shoots and kills Chet while trying to rob the store, Monte, distraught after the death of his beloved Martine, goes after him.
Shorty arrives and Monte chases him. Shorty shoots Monte, but runs off when the shot only hits his arm. Monte then manages to slip around Shorty and shoots him. As Shorty is dying, Monte tells him that he rode the wild horse.","Monte Walsh is an aging cowboy facing the final days of the Wild West era. He and his friend Chet Rollins, another longtime cowhand, work at whatever ranch work comes their way. Their lives are divided between months on the range and the occasional trip into town. As barbed wire and railways eliminate the need for the cowboy, Monte and his friends are left with fewer and fewer options.",western,William A. Fraker,"Lee Marvin, Jack Palance, Jeanne Moreau"
1970,The Moonshine War,"A man John ""Son"" Martin makes moonshine whiskey, owning and operating a profitable still in Prohibition-era Kentucky. One day, he gets a visit from an old Army acquaintance, Frank Long, who is now an Internal Revenue agent.
Frank is willing to look the other way in exchange for a percentage of Son's business. But when he is unable to persuade Son to cut him in on the profits, or even reveal where the moonshine is hidden, Frank sends for the dangerous Dr. Emmett Taulbee, who uses more violent methods in getting what he wants.
Emmett and his henchmen go too far, killing Sheriff Baylor, and even Emmett's girlfriend when she tries to get away. Frank can see that he made a mistake, so he volunteers to help Son fend off the gang. Still out numbered, Son finally tells Emmett's men where the moonshine is buried in exchange for his life. But when the crooks start digging, they set off Son's buried dynamite instead.","John ""Son"" Martin makes moonshine whiskey, owning and operating a profitable still in Prohibition-era Kentucky. One day, he gets a visit from an old Army acquaintance, Frank Long, who is now an Internal Revenue agent. Frank is willing to look the other way in exchange for a percentage of Son's business. He sends for the dangerous Dr. Emmett Taulbee, who uses more violent methods in getting what he wants.","Comedy,Crime,Drama",Richard Quine,"Patrick McGoohan,Richard Widmark,Alan Alda,Will Geer,Joe Williams,Lee Hazlewood,Max Showalter,Harry Carey Jr."
1970,Move,"The film covers three days in the life of Hiram Jaffe a would-be playwright who supplements his living as a porn writer and by walking dogs. He and his wife, Dolly, are moving to a new apartment on New York's Upper West Side. Jaffe is beset by problems, including his inability to persuade the moving man to move the couple's furniture, and retreats into fantasy.","The film covers three days in the life of Hiram Jaffe a would-be playwright who supplements his living as a porn writer and by walking dogs. Jaffe is beset by problems, including his inability to persuade the moving man to move the couple's furniture, and retreats into fantasy.","Comedy,Fantasy",Stuart Rosenberg,"Elliott Gould,John Larch,Joe Silver,Graham Jarvis,Ron O'Neal,David Burns,Richard Bull"
1970,"My Lover, My Son","Francesca Anderson leads an unhappy marriage with her husband Robert. Her real attention is dedicated to her son James, who reminds her of her late lover Macer. Francesca is the only one who knows that James is not Robert's, but Macer's son. So Francesca reacts jealously when James falls in love with a girl friend, Julie.
James intervenes in an argument between his parents, and kills Robert. During James' trial, Francesca gives the crucial testimony in favour of her son, who is found not guilty. To Francesca's discomfort, James escapes his mother's clinging and decides to stay with Julie.","Francesca Anderson leads an unhappy marriage with her husband Robert. Her real attention is dedicated to her son James, who reminds her of her late lover Macer. Francesca reacts jealously when James falls in love with a girl friend, Julie. James intervenes in an argument between his parents, and kills Robert.",Drama,John Newland,"Donald Houston,Donald Houston,Dennis Waterman,Dennis Waterman,Peter Sallis,William Dexter,Mark Hawkins,Mark Hawkins"
1970,Nam's Angels,"The plot involves a gang of Hell's Angels-type bikers called ""The Devil's Advocates"" involved in the Vietnam War. They are sent to the Cambodian jungle on Yamaha bikes in order to rescue an American diplomat/CIA Agent, Chet Davis.
The biker gang is led by Link Thomas, a Vietnam veteran and the brother of an Army Major who has recruited them. His gang consists of Duke, also a Vietnam veteran, Limpy, Speed, and another Vietnam veteran, Dirty Denny. They are under the orders of Army Captain Jackson.
The gang modifies their motorcycles in a garage run by Diem-Nuc. They weld armour plating with submachine guns on the handlebars. Limpy drives a three-wheeler modified from a Harley-Davidson frame with a Volkswagen rear end, that is armed with heavy .50 calibre machine guns and a multiple rocket launcher from a helicopter. In order to open fire on enemy soldiers in trees or towers the gang do wheelies whilst firing their weapons.","The plot involves a gang of Hell's Angels-type bikers involved in the Vietnam War. They are sent to the Cambodian jungle on Yamaha bikes in order to rescue an American diplomat/CIA Agent, Chet Davis. The biker gang is led by Link Thomas, a Vietnam veteran and the brother of an Army Major who recruited them.","war, biker",Jack Starrett,Paul Koslo
1970,Norwood,"Norwood Pratt has just finished his enlistment in the United States Marine Corps and is on his way home from Vietnam. A musician, his one great ambition is to appear on the radio program Louisiana Hayride.
Along the way, Norwood meets a variety of characters, including a flim-flam man Grady Fling, Yvonne Phillips, a hooker, a jaded would-be starlet Marie, and his Marine buddy Joe William Reese.
However, the most important person that he meets is Rita Lee Chipman, the ""right kind of girl,"" who is unfortunately an unwed, soon-to-be mother in an age where this was uncommon and somewhat shameful. She supports him and is there when Norwood finally reaches the KWKH studio as his dream comes true.","Norwood Pratt has just finished his enlistment in the United States Marine Corps and is on his way home from Vietnam. His one great ambition is to appear on the radio program Louisiana Hayride. Along the way, Norwood meets a variety of characters, including a flim-flam man Grady Fling, Yvonne Phillips, a hooker, a jaded would-be starlet Marie.","Comedy,Musical",Jack Haley Jr.,"Glen Campbell,Joe Namath,Pat Hingle,Dom DeLuise,Sammy Jackson"
1970,On a Clear Day You Can See Forever,"At the behest of her mainstream conservative fiancé Warren, scatterbrained five-pack-a-day chain smoker and clairvoyant Daisy Gamble attends a class taught by psychiatrist Marc Chabot for help in kicking her habit. She becomes unintentionally hypnotized and manages to convince Chabot to attempt to cure her nicotine addiction with hypnotherapy. While undergoing hypnosis, it is discovered she is the reincarnation of Lady Melinda Winifred Waine Tentrees, a seductive 18th century coquette who was born the illegitimate daughter of a kitchen maid. She acquired the paternity records of the children housed in the orphanage where her mother had to send her and used the information to blackmail their wealthy fathers. She eventually married nobleman Robert Tentrees during the period of the English Regency, then was tried for espionage and treason after he abandoned her.
As their sessions progress, complications arise when Chabot begins to fall in love with Daisy's exotic former self and Daisy begins to fall for him, and his university colleagues demand he either give up his reincarnation research or resign his position with the school. While waiting for Chabot in his office, Daisy accidentally hears a tape recording of one of her sessions and when she discovers Chabot's interest is limited to Melinda, she storms out of the office. When she returns for a final meeting with him, she mentions fourteen additional lives, including her forthcoming birth as Laura and subsequent marriage to the therapist in the year 2038.","Daisy Gamble is the reincarnation of Lady Melinda Winifred Waine Tentrees, a seductive 18th century coquette who was born the illegitimate daughter of a kitchen maid. She acquired the paternity records of the children housed in the orphanage where her mother had to send her and used the information to blackmail their wealthy fathers. She eventually married nobleman Robert Tentrees during the period of the English Regency, then was tried for espionage and treason.","Comedy,Drama,Fantasy",Vincente Minnelli,"Yves Montand,Bob Newhart,Larry Blyden,Simon Oakland,Jack Nicholson,John Richardson,Roy Kinnear"
1970,One More Time,"Chris Pepper and Charlie Salt lose their nightclub and turn to Pepper's aristocratic twin brother for help. He refuses to help them, and is then found murdered. Pepper assumes his identity, and soon discovers that he was a diamond smuggler, and was murdered by his accomplices. Salt and Pepper band together to put the criminals behind bars.","Chris Pepper and Charlie Salt lose their nightclub and turn to Pepper's aristocratic twin brother for help. He refuses to help them, and is then found murdered. Pepper assumes his identity, and soon discovers that he was a diamond smuggler. Salt and Pepper band together to put the criminals behind bars.","Comedy,Thriller",Jerry Lewis,"Sammy Davis Jr.,Peter Lawford,Peter Lawford,John Wood,Dudley Sutton,Percy Herbert,Anthony Nicholls,Allan Cuthbertson,Edward Evans"
1970,The Out-of-Towners,"The plot revolves around Gwen and George Kellerman, whose company has invited him to interview for a possible job promotion in New York City. From the moment they depart their home town of Twin Oaks, Ohio, the couple suffers nearly every indignity out-of-towners possibly could experience: Heavy air traffic and heavy fog forces their flight to circle around Kennedy Intl. Airport and the New York skyline repeatedly before finally being rerouted to Boston's Logan Airport, where they discover their luggage - in which George's ulcer medication and Gwen's extra cash are packed - was left behind.
Just missing the train at South Station, they chase it to the next stop by cab, board it (it is extremely overcrowded), and wait two hours for seats in the dining car, only to discover the only food left is peanut butter sandwiches, green olives, and crackers, with nothing to drink but tonic water and clam juice (“but they ain’t cold”). Upon arrival at Grand Central Terminal in New York by 2:00am, they discover that mass transit, taxicab drivers, and sanitation workers all are on strike. Making their way to the Waldorf-Astoria on foot past tons of garbage in a torrential downpour, they discover their reservation - guaranteed for a 10:00pm arrival - has been given away, and the hotel, like every other one in the city, is booked to capacity due to the strikes.
What follows is a series of calamities that includes: being robbed at gunpoint by a man with an umbrella named Murray, kidnapping by armed liquor store robbers after a high-speed chase while the Kellermans are riding in a police car enroute to an armory, being mugged while sleeping in Central Park, George cracking a tooth on Cracker Jacks left by a dog under Trefoil Arch, broken high heels, accusations of child molestation, an exploding manhole cover, expulsion from a church, and an attack by protestors in front of the Cuban embassy. With each successive catastrophe, George angrily writes down each perpetrator's name and promises to sue them or their company when he returns home.
The only thing that goes right for George is he somehow manages to arrive on time for his 9:00am interview, with rumpled clothing. Despite receiving a very lucrative offer, the two realize an upwardly mobile move to the big city is not what they truly cherish after the urban problems they have gone through, and they make the decision to return to their small town in Ohio, only to be subjected to one more major catastrophe—their flight home is hijacked to Cuba. Gwen says ""Oh my god!"" (which she had said various other times during the movie) ending the film......","The plot revolves around Gwen and George Kellerman, whose company has invited him to interview for a possible job promotion in New York City. From the moment they depart their home town of Twin Oaks, Ohio, the couple suffers nearly every indignity out-of-towners possibly could experience.",comedy,Arthur Hiller,"Jack Lemmon, Sandy Dennis"
1970,Party at Kitty and Stud's,"The film deals with the sex life of a young New York City woman, Kitty, and her boyfriend, Stud. Stud is brutal and oafish but Kitty is enamored with his sexual performances. They sometimes engage into light sadomasochism, with Stud belt-whipping Kitty. Stud later posts a sign on a bulletin board inviting people to a party. Several people show up at Kitty and Stud's apartment and they engage in group sex, with Stud servicing all the women.","The film deals with the sex life of a young New York City woman, Kitty, and her boyfriend, Stud. Stud is brutal and oafish but Kitty is enamored with his sexual performances. Stud later posts a sign on a bulletin board inviting people to a party. Several people show up at Kitty and Stud's apartment and they engage in group sex.",adult,Morton Lewis,Sylvester Stallone
1970,Patton,"General George S. Patton addresses an unseen audience of American troops to raise their morale, focusing in particular on the value placed on winning by American society.
Following the humiliating American defeat at the Battle of the Kasserine Pass in 1943, Patton is placed in charge of the American II Corps in North Africa. Upon his arrival, he immediately starts enforcing discipline among his troops. Patton is then summoned to a meeting with Air Marshal Coningham of the Royal Air Force, where he claims that the American defeat was caused by lack of air cover. Coningham promises Patton that he will see no more German aircraft – but seconds later the compound is strafed by Luftwaffe planes. Patton then defeats a German attack at the Battle of El Guettar; his aide Captain Jenson is killed in the battle, and is replaced by Lieutenant Colonel Codman. Patton is bitterly disappointed to learn that Erwin Rommel, commander of the German-Italian Panzer Army, was on medical leave, but Codman reassures him that: ""If you've defeated Rommel's plan, you've defeated Rommel.""
After success in the North Africa campaign, Patton and Bernard Montgomery come up with competing plans for the Allied invasion of Sicily. Patton's proposal to land his Seventh Army in the northwest of the island with Montgomery in the southeast (therefore potentially trapping the German and Italian forces in a pincer movement) initially impresses their superior General Alexander, but General Eisenhower rejects it in favor of Montgomery's more cautious plan, which places Patton's army in the southeast, covering Montgomery's flank. While the landing is successful, the Allied forces become bogged down, causing Patton to defy orders and advance northwest to Palermo, and then to the port of Messina in the northeast, narrowly beating Montgomery to the prize, although several thousand German and Italian troops are able to flee the island. Patton insists that his feud with Montgomery is due to the latter's determination to be the ""war hero,"" and to deny the Americans any chance of glory. However, his actions do not sit well with his subordinates Bradley and Lucian Truscott.
While on a visit to a field hospital, Patton notices a shell-shocked soldier crying. Calling him a coward, Patton slaps the soldier and even threatens to shoot him, before demanding his immediate return to the front line. Patton is relieved of command, and, by order of Eisenhower, forced to apologize to the soldier, others present, and to his entire command. As a result, he is also sidelined during the D-Day landings in 1944, being placed in command of the decoy phantom First United States Army Group in southeast England. German General Alfred Jodl is convinced that Patton will lead the invasion of Europe.
After begging his former subordinate Bradley for a command before the war ends, Patton is placed under him in command of the Third Army and performs brilliantly by rapidly advancing through France, but his tanks are brought to a standstill when they run out of fuel – the supplies being allocated to Montgomery's bold Operation Market Garden, much to his fury. Later, during the Battle of the Bulge, Patton brilliantly relieves the town of Bastogne and then smashes through the Siegfried Line and into Germany.
At a war drive in Knutsford, England, General Patton remarks that the United States and the United Kingdom would dominate the post-war world, viewed as an insult to the Soviet Union. After Germany capitulates, Patton directly insults a Russian general at a dinner; fortunately, the Russian insults Patton right back, much to Patton's amusement. Patton then makes an offhand remark comparing the Nazi Party to American political parties. Ultimately, Patton's outspokenness loses him his command once again, though he is kept on to see to the rebuilding of Germany, where a runaway oxcart narrowly misses him.
Finally, Patton is seen walking Willie, his bull terrier, across the German countryside. Patton's voice is heard relating that a returning hero of ancient Rome was honored with a ""triumph,"" a victory parade in which ""a slave stood behind the conqueror, holding a golden crown, and whispering in his ear a warning: that all glory ... is fleeting.""","General George S. Patton addresses an unseen audience of American troops to raise their morale, focusing in particular on the value placed on winning by American society. Patton is bitterly disappointed to learn that Erwin Rommel, commander of the German-Italian Panzer Army, was on medical leave. After success in the North Africa campaign, Patton and Bernard Montgomery come up with competing plans for the Allied invasion of Sicily. Patton defied orders and advance northwest to Palermo, and then to the port of Messina in the northeast, narrowly beating Montgomery to the prize.","Biography,Drama,War",Franklin J. Schaffner,"George C. Scott,Karl Malden,Stephen Young,Michael Strong,Carey Loftin,Albert Dumortier,Frank Latimore,Morgan Paull,Karl Michael Vogler,Bill Hickman"
1970,The People Next Door,"A married couple, Arthur and Gerrie Mason struggle with the realities of their imperfect marriage as they fight to save and rehabilitate their teenage daughter, Maxie, from having been led into a life of drug addiction and ultimate committal to a mental ward.","Arthur and Gerrie Mason struggle with the realities of their imperfect marriage as they fight to save and rehabilitate their teenage daughter, Maxie, from having led into a life of drug addiction and ultimate committal to a mental ward. Maxie's parents are trying to save their daughter from having a drug addiction.",Drama,David Greene,"Eli Wallach,Hal Holbrook,Nehemiah Persoff,Mike Kellin,Stephen McHattie,Don Scardino,Anthony D. Call"
1970,The Phantom Tollbooth,"Milo, a bored boy who lives in a San Francisco apartment block, is surprised by the sudden arrival of a large, gift-wrapped package. Inside is a tollbooth, which turns out to be a gateway into a magical parallel universe. As Milo passes through the tollbooth, the character moves from live action to animation, and his toy car transports him to the enchanted Kingdom of Wisdom in the Lands Beyond and the states of Dictionopolis (Kingdom of Words) and Digitopolis (Kingdom of Mathematics).
Accompanied by Tock, a ""watchdog"" who actually has a large pocketwatch in his body, Milo has a series of adventures in places like the Doldrums, Dictionopolis, Digitopolis, the Mountains of Ignorance and the Castle in the Air. Together they must rescue the Princesses of Sweet Rhyme and Pure Reason, who are being held captive in the Castle in the Air, and restore order to the Kingdom of Wisdom. The many eccentric characters they meet include the Whether Man, the Humbug, the Spelling Bee, the noisy Dr. Kakofonous A. Dischord, King Azaz the Unabridged, the Mathemagician and Officer Short Shrift as well as demons like the Senses Taker, the Terrible Trivium, the Demon of Insincerity, and the Gelatinous Giant.","As Milo passes through the tollbooth, the character moves from live action to animation. Milo has adventures in places like the Doldrums, Dictionopolis, Digitopolis, the Mountains of Ignorance and the Castle in the Air. The many eccentric characters they meet include the Whether Man, the Humbug, the Spelling Bee, the noisy Dr. Kakofonous A. Dischord.","Adventure,Animation,Comedy",Chuck Jones,"Butch Patrick,Hans Conried,Hans Conried,Mel Blanc,Mel Blanc,Mel Blanc,Daws Butler,Daws Butler,Daws Butler,Candy Candido,Shepard Menken,Shepard Menken,Cliff Norton,Cliff Norton,Larry Thor"
1970,Puzzle of a Downfall Child,"A beautiful but disturbed young woman lives alone at a beach cottage, reliving her past, a life of delusions and lies.
Lou Andreas Sand is a former fashion model whose life has gone into a downward spiral including drug use and a nervous breakdown. She tells an acquaintance, Aaron Reinhardt, her story for a film he is planning on her, but the details do not ring true.
Lou evidently had a lover who abused her and a penchant for sex with strange men. Along the way, she became engaged to marry Mark, an ad executive, but apparently jilted him on the day of their wedding, leading to her descent into drugs and an attempted suicide.","Lou Andreas Sand is a former fashion model whose life has gone into a downward spiral including drug use and a nervous breakdown. She tells an acquaintance, Aaron Reinhardt, her story for a film he is planning on her, but the details do not ring true. Lou evidently had a lover who abused her and a penchant for sex with strange men.",Drama,Jerry Schatzberg,"Barry Primus,Barry Morse,Roy Scheider,John Heffernan,Sydney Walker,Clark Burckhalter"
1970,Quackser Fortune Has a Cousin in the Bronx,"In Dublin, a working-class family has been unsuccessful in convincing their son to get a real job: the son prefers his job of scooping up horse's dung and selling it for flower gardens. An American exchange student almost runs him over and gets to know him. The dung man has ignored warnings from his family and suddenly the horses have been banned from Dublin. His new love is leaving for America and he must find a way to cope with the new reality.",Working-class Dublin man has ignored warnings from his family to get a real job. American exchange student almost runs him over and gets to know him. His new love is leaving for America and he must find a way to cope with the new reality. Suddenly the horses have been banned from Dublin.,"Comedy,Drama,Romance",Waris Hussein,"Gene Wilder,Seamus Forde,David Kelly,Danny Cummins,Tony Doyle"
1970,R. P. M.,"Set against the political turmoil of the 1960s, radical student activists occupy a university's administration building with a list of 12 demands. Unable to resolve the situation, President Tyler resigns, so the Board of Trustees considers a student-made shortlist of recommended professors to take over the job of university president. The board finalizes the choice of Professor F.W.J. ""Paco"" Perez, despite his radical beliefs, given his close past relationship with students.
After midnight, Perez, along with his sociology graduate student girlfriend Rhoda, is awakened by a phone call by Dean George Cooper, requesting a meeting. Perez is appointed ""acting president"" of the college campus. Later that morning, Perez arrives to the campus on a motorcycle. Attempting to negotiate with the activists, Perez reads their demands, which include 20 inner-city scholarships, a college reinvestment program, no military research on campus, and an African American on the all-white Board of Trustees. Perez disagrees with three of the 12 demands, including the students' right to hire and fire the faculty.
Perez tells the activists he will deliver on the first nine demands. A brief conflict between the leader, Roositer, and Steve Dempsey, leads to the eighth demand changed to the hiring of a black admissions officer. Perez nominates Dempsey for the position, which the young black activist accepts. Perez serves as mediator between the faculty and the unwavering student body over the unresolved three demands, while being berated at home by Rhoda for his hypocrisy.
Perez notifies the faculty of an audio-recorded message that Roositer will destroy the school's computer hardware if the demands are not met. With no options left, Perez sends in a squadron of police officers led by Police Chief Henry J. Thatcher. Thatcher orders the activists to evacuate the facility in three minutes, but they refuse to comply. The officers invade the building, releasing tear gas, and violently arrest several students. At the police station, Perez sees that Rhoda also has been arrested.
Perez meets with the faculty in the administration building, now back under their control. He signs a bail grantee, defending the outcome of the rebellion. Upon leaving the building, Perez walks through the crowd and is loudly booed by the activists.","President Tyler resigns, so the Board of Trustees considers a student-made shortlist of recommended professors to take over the job of university president. Professor F.W. ""Paco"" Perez is appointed ""acting president"" of the college campus. Perez disagrees with three of the 12 demands, including the students' right to hire and fire the faculty. Perez nominates Steve Dempsey for the position, which the young black activist accepts.",drama,Stanley Kramer,"Anthony Quinn, Ann-Margret, Gary Lockwood"
1970,"Rabbit, Run","In Reading, Pennsylvania, former high school basketball star Harry ""Rabbit"" Angstrom is dissatisfied with both his failure to find a career and with his loveless marriage to Janice, an alcoholic who is pregnant with a child neither of them wants. Following an argument with Janice, Rabbit looks up his old basketball coach Marty Tothero, who is now living in squalor. Marty decides that Rabbit needs a woman, and he introduces him to Ruth, a part-time prostitute. When Rabbit moves in with Ruth, Jack Eccles, the family minister, tries to persuade him to return to his wife, but Rabbit refuses.
Eventually, Rabbit also becomes disenchanted with Ruth, and when Janice has her baby, Rabbit goes to the hospital and effects a reconciliation. For a time, they live in relative harmony, but Janice's insistence on a less active sex life leads to bitterness, and Rabbit again takes off. Janice resumes her solitary drinking, this time with tragic results; while in a drunken stupor, she accidentally drowns the baby. Learning of his child's death, Rabbit returns home and finds that everyone holds him responsible.
At the funeral, Rabbit responds to his parents' and in-laws' accusing glances by screaming his innocence. Fleeing from the cemetery, he goes to Ruth's apartment; but Ruth, who is now pregnant with his child, refuses to let him in unless he agrees to divorce Janice and marry her. Although he promises to do so, Rabbit is still unable to make a commitment to anyone and runs away again.","Harry ""Rabbit"" Angstrom is dissatisfied with both his failure to find a career and with his loveless marriage to Janice, an alcoholic who is pregnant with a child neither of them wants. Rabbit looks up his old basketball coach Marty Tothero, who is now living in squalor, and introduces him to Ruth, a part-time prostitute. When Rabbit moves in with Ruth, Jack Eccles, the family minister, tries to persuade him to return to his wife, but Rabbit refuses. Janice resumes her solitary drinking, this time with tragic results; while in a drunken stupor, she accidentally",Drama,Jack Smight,"James Caan,Jack Albertson,Arthur Hill,Henry Jones,Don Keefer"
1970,The Rebel Rousers,"A rebellious biker holds a motorcycle drag race to determine who will ""win"" an architect's pregnant girlfriend.","A rebellious biker holds a motorcycle drag race to determine who will ""win"" an architect's pregnant girlfriend. A pregnant architect has a pregnant girlfriend in the race for the architect's job. The architect's wife is in the process of getting pregnant with a pregnant architect's girlfriend.","Crime,Drama",Martin B. Cohen,"Cameron Mitchell,Bruce Dern,Jack Nicholson,Harry Dean Stanton,Neil Burstyn,Lou Procopio,Earl Finn,Philip Carey,Robert Dix"
1970,Rio Lobo,"During the American Civil War, Col. Cord McNally, has left his close friend, Lt. Ned Forsythe, in charge of the Union troops on a Union army payroll train. However, Confederates led by Capt. Pierre Cordona, and Sgt. Tuscarora Phillips hijack the train. Their scheme uses a very elaborate plan which suggests that the Confederates must have gotten detailed inside informations about the transport.
During the robbery, Ned is fatally injured, and Cord personally takes up the pursuit. His squad is spread thinner and thinner, until Cord is left on his own, and Pierre and his men capture him. Cord tricks them by leading them into a Union camp and raising the alarm. As the Confederates flee, Cord overpowers Pierre and Tuscarora. He questions the pair about the identity of the traitor who sold them the information about the train, but they give him no information and are imprisoned.
Nevertheless, the three men gain a deep mutual respect for each other, and after the war ends. Cord visits Pierre and Tuscarora as they are being released. Cord asks them once more about the traitors. Unfortunately they don't know the traitors' names and can only provide physical descriptions. Cord then tells Pierre and Tuscarora that if they should ever come across these men again, to contact him through a friend of his, Pat Cronin who is the sheriff of Blackthorne in Texas. Tuscarora is on his way to Rio Lobo, Texas where he grew up.
Some time later, Cord is contacted by Pat on instructions from Pierre, who is staying at the local hotel. When he arrives in Blackthorne, he meets a young woman, Shasta Delaney, who is an assistant to a medicine showman, who is wishing to report the murder of her employer that was committed by a deputy of Rio Lobo's sheriff, ""Blue Tom"" Hendricks. Pat explains that he cannot intervene because Rio Lobo is outside his jurisdiction. Shortly afterwards, a posse from Rio Lobo arrives and wants to take Shasta away.
Shasta accuses their leader, ""Whitey"" Carter, as the murderer she is referring to. When one of the posse aims a gun at Pat, Shasta shoots Whitey from under the table, resulting in a shoot-out. Pat, Cord, and Pierre finish off the posse. Pierre, who identifies Whitey as one of the traitors Cord is looking for, tells him that Tuscarora had contacted him and told him that Tuscarora's father, and other ranchers from Rio Lobo are being bullied by a man named Ketcham, who installed Blue Tom as his sheriff after he killed the previous incumbent.
Cord, Pierre, and Shasta go to Rio Lobo, where they find the people living in terror of Blue Tom, and his men. Blue Tom has Tuscarora arrested on trumped-up charges. They go to get help from Tuscarora's father, Old Man Philips. Cord, Pierre, and Philips sneak into Ketcham's ranch in order to take him as a hostage, and McNally discovers that Ketcham is really Union Sergeant Major Ike Gorman, the second traitor he was searching for.
McNally forces Ketcham to sign the title deeds of the ranches back to their rightful owners, then the men retreat to Rio Lobo, where they order Hendricks and his men to vacate the town jail. They take over the building for cover, freeing Tuscarora, while Pierre goes for the Cavalry. Meanwhile, Tuscarora's girlfriend Maria Carmen, and her friend, Amelita, lend assistance. For that, Hendricks slashes Amelita's face, and Amelita swears to Cord that she will kill Hendricks.
Ketcham's men capture Pierre and offer to trade Cardona for Ketcham. In the meantime, word spreads of the trade and several ranchers turn up to help, knowing that, if McNally fails, the town will have gained nothing from the returned deeds. During the prisoner exchange, Cordona dives from the bridge into the river where Tuscarora is hiding. McNally yells out that Ketcham is now bankrupt, having signed the deeds back, so the furious sheriff guns Ketcham down, and in turn McNally shoots Hendricks in the leg. McNally then gets shot in his own leg by one of the deputies, and is dragged back into the cantina by Philips.
After a failed attempt to blow up the cantina Cord's force is in, the remaining bandits are outflanked by the rest of the townspeople, who have rallied to help. Blue Tom's men realize that all is lost, and they flee. Blue Tom shoots at them, but he has been using his rifle as a crutch and, with its muzzle clogged with dust, it explodes in his face as he fires it. As he stumbles to his horse, Amelita guns him down, thus keeping her promise and liberating the town from its final menace.","Col. Cord McNally is left in charge of the Union troops on a Union army payroll train. During the Civil War, Confederates led by Capt. Pierre Cordona, and Sgt. Tuscarora Phillips hijack the train. Cord tricks them by leading them into a Union camp and raising the alarm. Cord questions them about the identity of the traitor who sold them the information about the train, but they give him no information and are imprisoned.","Drama,War,Western",Howard Hawks,"John Wayne,Jorge Rivero,Jack Elam,Christopher Mitchum,Victor French,David Huddleston,Mike Henry"
1970,Skullduggery,"On an expedition in Papua New Guinea, Tropis, a tribe of apelike creatures, are being used as slaves by humans. When one of the Tropis is allegedly murdered, the following murder trial centers round the question: are the Tropis a form of human or animal?","The Tropis, a tribe of apelike creatures, are being used as slaves by humans. When one of the Tropis is allegedly murdered, the murder trial centers round the question: are the Tropi a form of human or animal? The trial centers around the question of whether the Tropes are human or animals.",Adventure,Gordon Douglas,"Burt Reynolds,Roger C. Carmel,Paul Hubschmid,Chips Rafferty,Alexander Knox,Edward Fox,Wilfrid Hyde-White,William Marshall"
1970,Soldier Blue,"In mid-19th century Colorado Territory, a young woman, Cresta Lee, and young U.S. Private Honus Gant are joined together by fate when they are the only two survivors after their group is massacred by the Cheyenne. Gant is devoted to his country and duty; Lee, who has lived with the Cheyenne for two years, is scornful of Gant (she refers to him as ""Soldier Blue"" derisively) and declares that in this conflict she sympathizes with them. The two must now try to make it to Fort Reunion, the army camp, where Cresta's fiancé, an army officer, waits for her. As they travel through the desert with very low supplies, hiding from the Indians, they are spotted by a group of Kiowa horsemen. Under pressure from Cresta, Honus fights and seriously wounds the group's chief. Honus finds himself unable to kill the chief and the chief's own men stab him for his defeat and leave Honus and Cresta alone.
Eventually, after being pursued by a white trader, Isaac Cumber, who sells guns to the Cheyenne, but whose latest shipment of weapons Honus has destroyed, Honus finds himself in a cave where Cresta has left him to get help. She arrives at Fort Reunion, only to discover that her fiancé’s cavalry plans to attack the peaceful Indian village of the Cheyenne the following day. She runs away on a horse and reaches the village in time to warn Spotted Wolf, the Cheyenne chief. The chief does not recognize the danger and, using the U.S. flag, rides out to extend a hand of friendship to the American soldiers. The soldiers, however, obey the orders of their commanding officer to open fire on the village.
After a cavalry charge decimates the Indian men, the soldiers enter the village and begin to rape and kill the female survivors. Honus protests and attempts to disrupt the massacre, to no avail. Cresta attempts to lead the remaining women and children to safety, but her group is discovered and massacred, though Cresta herself is spared. After the battle, Honus is led away in shackles and Cresta departs with the remaining few survivors.","Private Honus Gant and Cresta Lee are the only two survivors after their group is massacred by the Cheyenne. Lee, who has lived with the Indians for two years, is scornful of Gant, and declares that in this conflict she sympathizes with them. The two must now try to make it to Fort Reunion, the army camp, where Cresta's fiancé waits for her.","Drama,War,Western",Ralph Nelson,"Peter Strauss,Donald Pleasence,John Anderson,Jorge Rivero,Dana Elcar,Bob Carraway,Martin West,James Hampton,Mort Mills"
1970,Something for Everyone,"A handsome young stranger, Konrad Ludwig, is fascinated by a castle near the Bavarian village of Ornstein. He dreams of owning and living in the castle, which is the property of widowed Countess Herthe von Ornstein, who lives in the dower house, unable financially to open and live in her castle.
As Konrad schemes to become one of the countess's servants he romances a beautiful and wealthy young lady, Anneliese Pleschke, daughter of a nouveau riche couple. The idea is to use their wealth to reopen Castle Ornstein. After an afternoon of chauffeuring the Pleschkes around the countryside, he gets Rudolph, the countess's footman, drunk at the local Biergarten and then run over by a train. Konrad then takes Rudolph's place in the countess's household.
Helmuth Von Ornstein, a shy and attractive young man, and Lotte Von Ornstein, a plain and annoying girl, are the countess's children. Helmuth is gay and begins to be romanced by Konrad when the stern majordomo, Klaus, tries to put a stop to it by firing Konrad. Klaus, though, has a scandalous secret: his father was a Nazi colonel, whose memory is fondly enshrined in Klaus's bedroom. The mayor of Ornstein is militantly disposed to root out all Nazis remaining in Germany, and Konrad tells him about Klaus, who is summarily and quietly put out of the countess's employ. Konrad is free to be Helmuth's lover while taking Klaus's place as majordomo.
Konrad now plays up to the countess, encouraging her to throw a daring, expensive party at the dower house in order to initiate a pseudo romance between Helmuth and Anneliese Pleschke. Konrad, the lover of both Helmuth and Anneliese, induces them to become engaged to each other while secretly assuring both of them that he would always be there at the castle. When the marriage contract is signed, the Pleschke money flows in to reopen and refurbish the Castle Ornstein.
The marriage takes place, but the honeymoon is a disaster with both the bride and groom wanting an annulment. The demise of the grand design is hastened along by Anneliese, who walks in on Konrad and Helmuth kissing. Anneliese shocked and speechless is ushered to the limousine in which she and her parents are to be driven to the castle by Konrad. When Anneliese hysterically opens up to her parents, Konrad turns the limousine down a steep embankment, managing to jump out before it crashes, killing Anneliese and her parents. Konrad escapes with a broken leg.
Konrad goes through a pleasant convalescence with the countess herself becoming his new romantic interest. After an amorous night in the countess's boudoir, they plan to be married. Helmuth is devastated. He reluctantly allows the marriage to go on rather than have Konrad be forced to leave by a scorned countess.
Helmuth's sister Lotte has other plans. On the eve of the wedding she informs Konrad that she knows all about his murderous and scandalous exploits. Ingeniously she avoids being Konrad's next victim and has him marry her instead of her mother.","Konrad Ludwig is fascinated by a castle near the Bavarian village of Ornstein. He dreams of owning and living in the castle, which is the property of widowed Countess Herthe von Ornstein, who lives in the dower house. As Konrad schemes to become one of the countess's servants he romances a beautiful and wealthy young lady, Anneliese Pleschke.","Comedy,Crime,Drama",Harold Prince,"Michael York,Anthony Higgins,John Gill,Wolfrid Lier,Klaus Havenstein,Walter Janssen"
1970,Sometimes a Great Notion,"The economic stability of Waconda, Oregon, is threatened when the local logging union calls a strike against a large lumber conglomerate. When independent logger Hank Stamper and his father Henry are urged to support the strikers, they refuse, and the townspeople consider them traitors. All of the Stampers live in one compound, including Henry's good-natured nephew Joe Ben.
Hank struggles to keep the small family business alive and consequently widens the rift between himself and his complacent wife Viv, who wants him to put an end to the territorial struggle but is resigned to his doing things as he sees fit. Also complicating matters is Leland Stamper, Henry's youngest son and Hank's half-brother, who returns home with a college education and experience in urban living. A heavy drinker, Lee eventually reveals he attempted suicide after his mother killed herself and has been suffering from deep depression ever since. He urges the neglected Viv to leave.
Despite the fact that he is uncomfortable living with a family he barely knows, Lee joins forces with them when they are forced to battle both the locals, who have burned their equipment, and the elements, which threaten their efforts to transport their logs downriver. After aiding their adversaries when their lives are in peril, the Stampers have two calamities at once, a falling tree that severs Henry's arm, and a trunk that crushes Joe Ben in shallow water.
Lee takes his father to the hospital, while Joe Ben laughs at his predicament until the tree trunk rolls atop him, pinning him down. Hank's desperate attempt to save Joe Ben fails. At the hospital, Henry dies after finally expressing his approval of Lee, while Hank returns home to find Viv has left him. Lining up by the riverbank, the Stampers' rivals look forward to seeing them fail to deliver their logs, but Hank and Lee team up to successfully transport them. Henry's severed arm is attached to the boat, giving the middle finger to all who watch.","Leland Stamper, Henry Stamper's youngest son and Hank's half-brother, joins forces with them when they are forced to battle both the locals, who have burned their equipment, and the elements, which threaten their efforts to transport their logs downriver. After aiding their adversaries when their lives are in peril, the Stampers have two calamities at once, a falling tree that severs Henry's arm and a trunk that crushes Joe Ben in shallow water.",drama,Paul Newman,"Paul Newman, Henry Fonda, Lee Remick, Michael Sarrazin, Richard Jaeckel"
1970,Start the Revolution Without Me,"Two sets of identical twins, played by Wilder and Sutherland, are accidentally switched at birth. One set, Phillipe and Pierre DeSisi, is aristocratic and haughty, while the other set, Charles and Claude Coupé, is poor and dim-witted. On the eve of the French Revolution, both sets find themselves entangled in palace intrigues.","One set, Phillipe and Pierre DeSisi, is aristocratic and haughty, while the other set, Charles and Claude Coupé, is poor and dim-witted. On the eve of the French Revolution, both sets find themselves entangled in palace intrigues.","Comedy,History",Bud Yorkin,"Gene Wilder,Gene Wilder,Donald Sutherland,Donald Sutherland,Hugh Griffith,Jack MacGowran,Victor Spinetti,Harry Fowler"
1970,The Strawberry Statement,"Simon, a student at a fictional university in San Francisco (based on San Francisco State College) is indifferent to the student protests around him, until walking in on a naked woman in his dormitory roommate's bed. While she quickly runs over to the toilets to dress, Simon protests to his roommate that their time should only be devoted to studying, so they can get good jobs and lots of money.
Coming back clothed, the woman refuses setting another date with the roommate because she'll be busy protesting. She explains the university's plan to construct a gymnasium in an African-American neighborhood, thus causing conflict with the local African American population. She tells him that she and others plan to take over one of the university's buildings.
Simon later experiences love at first sight with a female student and uses his photographer position in the college's journal to photograph her. Following her into the university building the students are taking over, he joins the takeover just by being there. She approaches him while he boringly fools around in the toilets. She says her name is Linda and asks him to rob a food store with her so the striking students can eat.
In a later student protest, Simon is arrested. He then tells Linda he is not a radical like her. He does not want to ""blow the college building"" after doing his best to be accepted into the school in the first place. Linda later claims she can't see someone who is not likewise dedicated to the movement. Nevertheless, she announces temporarily leaving college to decide for sure.
In the showers, the rightist jock George beats up Simon, who decides to take advantage of the situation and use his injuries from George to fake police brutality. Gaining fame, his friend tells him ""a white version of page 43"" of Simon's National Geographic looks for him.
Alone in a filing room, a large breasted redhead with a tight sweater smiles at Simon. Seeing his injured lip, she puts his hands on her right breast and asks if it feels better now. She then takes off her sweater telling Simon ""did you know Lenin loved women with big breasts?"" After quick flashes of her breasts, Simon confirms liking them, but asks her if she saw The Graduate. Replying no, she takes him between some filing cabinets and takes off his belt. To her surprise, Simon does not want people to see whatever it is she plans to do to with him. When asking her if she at least locked the door, she confirms unconvincingly and immediately opens up some filing cabinets to hide them. Simon is worried, but she promises him no one will know. She then says she will give him something a ""hero"" like him deserves, ducks down and gives him an off-screen blowjob, zooming up on Che Guevara's famous poster staring in the air in its implacable expression.
After Linda returns, she announces her decision to be with Simon. They spend the rest of that day together – and implicitly the night. The following day, they make out in a park when a group of African-Americans approaches them. The anti-racism Caucasian rebels fear for their lives. One African-American drops Simon's camera to the ground and stomps on it, but the group then simply leaves. A furious Simon meets the strikers, saying those they help are no different than the cops and the establishment and questioning why they should help those who disrespect and even threaten him.
Simon re-thinks his comparison, though, after visiting none other than George the – now leftist – jock in the hospital. George's leg is in a cast after rightist jocks beat him up while cops watched. Simon goes to personally warn the dean's secretary to call off the construction of the gymnasium or risk a war. A group of African American students then show up, proving Simon's previous generalization wrong.
Eventually, a SWAT team crushes the university building takeover in seconds with tear gas. With the strikers all lying choking, the SWAT members pull out African Americans from the crowd and beat them up with police clubs. When the others protest, they get the same treatment.
With Linda being carried away kicking and screaming, Simon takes on a group of cops all by himself and segments of his happier times in college flash before the viewers' eyes.","Simon, a student at a fictional university in San Francisco (based on San Francisco State College) is indifferent to the student protests around him. Simon experiences love at first sight with a female student and uses his photographer position in the college's journal to photograph her. Simon later joins the takeover of the university building and joins her. In a later student protest, Simon is arrested and then tells Linda he is not a radical like her.","Drama,Romance",Stuart Hagmann,"Bruce Davison,Bud Cort,Murray MacLeod,Tom Foral,Bob Balaban,Michael Margotta,Israel Horovitz,James Kunen"
1970,Suppose They Gave a War and Nobody Came,"Col. Flanders commands a U.S. Army base in the South. To improve relations with the locals, he decides to throw a community dance. He gives the assignment to Warrant Officer Michael M. Nace, sergeants Shannon Gambroni and Jones, and a captain, Myerson.
A bigot named Billy Joe Davis is a big man in town, backed by Harve, a redneck sheriff. Harve considers a pretty barfly, Ramona, to be his girl, so when he catches Gambroni and her together, he has the sergeant placed under arrest for lewd conduct in public.
Nace is drunk and of no help. Jones, who is black, is refused a loan by Mr. Kruft, a banker in town, so in anger he decides to spring Gambroni from jail. Billy Joe retaliates by calling in his armed militia, so Nace steals a tank from the base and fights back. Harve takes three of the soldiers as his prisoners.
Nace and Jones (in the tank) manage to arrive at the town, where they wreak havoc by running over the stone statue of a Confederate war hero and ram-crash into the local jail, enabling Gambroni to break out.
By the time the dust settles, Col. Flanders and his men have arrived in town to save the day. The town mayor fires the sheriff for abuse of authority and the military men pledge to repair the damage caused by the tank.","Col. Flanders commands a U.S. Army base in the South. To improve relations with the locals, he decides to throw a community dance. A bigot named Billy Joe Davis is a big man in town, backed by a redneck sheriff. Billy Joe retaliates by calling in his armed militia, so Nace steals a tank from the base and fights back.","Comedy,Drama",Hy Averback,"Brian Keith,Tony Curtis,Ernest Borgnine,Ivan Dixon,Tom Ewell,Bradford Dillman,Arthur O'Connell,John Fiedler,Don Ameche"
1970,"Tell Me That You Love Me, Junie Moon","Junie Moon is a girl whose face is scarred in a vicious battery acid attack by her boyfriend Jesse. Later in an institution, she meets a man with epilepsy, Arthur, and a gay paraplegic who uses a wheelchair, Warren. Disabled, but not down, they live together in an older, rented house and bond, determined to prove themselves and to help each other.[2]","Junie Moon is a girl whose face is scarred in a vicious acid attack by her boyfriend. She meets a man with epilepsy, Arthur, and a gay paraplegic who uses a wheelchair. They live together in an older, rented house and bond, determined to prove themselves and to help each other.","Comedy,Drama,Romance",Otto Preminger,"Ken Howard,Robert Moore,James Coco,Fred Williamson,Pete Seeger,Ben Piazza,Leonard Frey"
1970,There Was a Crooked Man...,"Paris Pitman, Jr. has pulled off a $500,000 robbery and is the only one who knows where the money is hidden. He is seen in a bordello and is captured, tried, convicted and sentenced to an Arizona penitentiary.
A corrupt warden, LeGoff, is willing to cut the prisoner a deal. He will let Pitman break out of jail for an even split of the half-million dollars. Pitman agrees, but the plan goes awry when LeGoff is murdered by a Chinese convict, Ah-Ping, during an inmate uprising.
Former sheriff Woodward Lopeman becomes the new warden. Although they are enemies, he and Pitman work together to improve conditions at the prison. On a day the lieutenant governor visits, Pitman makes his move. He sparks a riot and manages to escape, but not before three inmates are killed, whereupon Pitman himself does away with two more, Ah-Ping being one of them. The other is Floyd Moon whom he shoots just as it appears the two have gained their freedom.
The money has been buried near a nest of rattlesnakes. Pitman heads for it, with Lopeman in hot pursuit. The money is his again when Pitman is suddenly bitten by a rattlesnake. By the time Lopeman comes across him, Pitman is already dead. Lopeman collects the money, as well as Pitman's body, and rides back to the prison. However, upon his arrival, he abruptly decides to leave the body and gallop off, absconding to Mexico with the money.","Paris Pitman Jr. is seen in a bordello and is captured, tried, convicted and sentenced to an Arizona penitentiary. A corrupt warden, LeGoff, is willing to cut the prisoner a deal for an even split of the half-million dollars. Pitman agrees, but the plan goes awry when the warden is murdered by a Chinese convict, Ah-Ping, during an inmate uprising.","Comedy,Western",Joseph L. Mankiewicz,"Kirk Douglas,Henry Fonda,Hume Cronyn,Warren Oates,Burgess Meredith,John Randolph,Arthur O'Connell,Martin Gabel,Michael Blodgett"
1970,They Call Me MISTER Tibbs!,"Detective Virgil Tibbs, now a lieutenant with the San Francisco police, is assigned to investigate the murder of a prostitute. A prime suspect is Rev. Logan Sharpe, a liberal street preacher and political organizer, who insists to Tibbs that he was merely visiting the hooker in a professional capacity, advising her spiritually.
Tibbs questions a janitor from the victim's building, Mealie Williamson, and Woody Garfield, who might have been the woman's pimp. Suspicion falls on a man named Rice Weedon, who takes umbrage and is shot by Tibbs in self-defense.
Tibbs concludes that Sharpe really must be the culprit. Sharpe confesses but requests Tibbs give him some time to complete his work on one last political issue. Told this wouldn't be possible, Sharpe takes his own life.","Detective Virgil Tibbs is assigned to investigate the murder of a prostitute. A prime suspect is Rev. Logan Sharpe, a liberal street preacher and political organizer. Sharpe confesses but requests Tibbs give him some time to complete his work on one last political issue. Told this wouldn't be possible, Sharpe takes his own life.",drama,Gordon Douglas,"Sidney Poitier, Martin Landau, Barbara McNair"
1970,...tick...tick...tick...,"In a small Southern town, Jim Price is elected sheriff over John Little, the incumbent. Racial tensions exist in the community, and Price gets little assistance from Little, leaving office, or from Mayor Parks, who insists he be consulted on any decision the new sheriff makes.
A white man, John Braddock, is arrested on a manslaughter charge after his drunken driving causes the death of a young girl. Braddock's father carries considerable influence and demands his son be freed. Price's deputy, Bradford Wilkes, is beaten by Little's former deputy, Bengy Springer.
Another arrest is made, this time of a black man, George Harley, accused of rape. The townspeople's mood turns uglier by the minute, particularly when Braddock's father threatens to spring his son by force if necessary.
Little's conscience gets the better of him. He agrees to become Price's new deputy. Together, they try in vain to persuade other men in town to side with them against Braddock's vigilantes and to convince the mayor to call in the National Guard for help. Alone against the mob, Price and Little form a barricade and prepare for the worst when their fellow townsmen suddenly join them in the street.","Jim Price is elected sheriff over John Little, the incumbent, in a small Southern town. A white man, John Braddock, is arrested on a manslaughter charge after his drunken driving causes the death of a young girl. Braddock's father carries considerable influence and demands his son be freed. Little's conscience gets the better of him to become Price's new deputy.",action,Ralph Nelson,"Jim Brown, George Kennedy, Fredric March"
1970,Too Late the Hero,"In the 1942 Pacific War theater of World War II, Lieutenant Sam Lawson, USN, is a Japanese language interpreter who — so far — has avoided combat. His commanding officer, Captain John G. Nolan, unexpectedly cancels his leave and informs Lawson that he is to be assigned to a British infantry commando unit in the New Hebrides Islands for a combat mission.
The British base is in the middle of a large open field, several hundred yards from the edge of the jungle; on the other side of the jungle is a Japanese observation and communications post. Shortly after Lawson's arrival at the base, a patrol of British soldiers sprint out of the jungle and across the open field, pursued by the Japanese. The base commander, Col. Thompson, instructs his men to keep well back, out of enemy range; they watch as the patrol are cut down by Japanese rifle fire.
Lawson's commando group is instructed to destroy the Japanese radio transmitter to prevent them from sounding the alarm about an American naval convoy which is scheduled to appear on the horizon in three days. The post's radio operator transmits an ""all's well"" signal every night at midnight; it will be Lawson's job to transmit a fake signal (in Japanese) to buy the Allies another 24 hours.
The commando group is led by Captain Hornsby, an upper class officer with a history of foolhardiness. The other members of the squad are draftees from Singapore whose enthusiasm for fighting leaves something to be desired: Pvt. Tosh Hearne, a cynical Cockney who is also the squad's medic; Pvt. Jock Thornton, a lean Scot whom Lawson at first considers slightly cracked for skipping on patrol and singing the ""Teddy Bears' Picnic"", Pvt. Campbell, a fat Glaswegian; grey-haired Sergeant Johnstone; Signalman Scott the radio operator; Pvt. Griffiths, Pvt. Rogers, Pvt. Currie, Pvt. Connolly, Cpl. McLean, and Pvt. Riddle.
By the time the squad reaches the Japanese post, Riddle, Connolly, and Currie are dead from a botched ambush — which, Hearne mutters to Lawson, was entirely due to Hornsby's incompetence: they were positioned on both sides of the trail, and the dead men seem to have been the victims of friendly fire. When Johnstone is wounded in another encounter, Hornsby leaves him behind; shortly thereafter, Johnstone is discovered by the Japanese and his throat slit.
After Scott drops and breaks the radio Lawson was to use, Hornsby decides to use the Japanese radio. Lawson flatly refuses to take part in any such scheme, giving the excuse that Hornsby is disobeying their orders with this extemporization. Nevertheless, Hornsby walks boldly into the Japanese camp and enters the radio hut without being spotted; he knocks out the radio operator and motions to Lawson and Scott. Scott goes to the hut, but despite Hearne's urgings, Lawson refuses to go. The Japanese radio operator comes to, and in the ensuing fracas, both Scott and Hornsby are killed.
Lawson is now the ranking officer, with only Hearne, Campbell, Jock, Griffiths, and McLean left alive — and Jock has been wounded in the debacle. Japanese Major Yamaguchi (Takakura) is determined to stop them from reporting the existence of the secret Japanese airfield and planes they have discovered. Through loudspeakers in the trees, Yamaguchi exhorts the men to give themselves up. Lawson and Hearne agree that Yamaguchi is not to be trusted, but Campbell is favour of surrender, and he works at Griffiths as Jock weakens. Finally, while Lawson and Hearne are asleep, Campbell tries to sneak off into the jungle; but Jock spots him and asks where he's going. Campbell strangles Jock, wakes Griffiths and McLean, and the three of them run off.
Yamaguchi attempts to use the lives of Griffiths and McLean as bargaining chips. (Campbell, on the other hand, is killed in gruesome fashion after the Japanese discover he has a ring severed from the finger of one of the officers the patrol ambushed.) As Lawson and Hearne reach the edge of the open field adjacent to the British base, Yamaguchi announces that they have three minutes to surrender; Japanese soldiers have the field covered with rifles and machine guns. Hearne suggests that they give Yamaguchi a taste of his own medicine. They double back and shoot him. They then sprint out across the field. Despite cover fire from the base, first one, then the other is hit.
One of them rises and staggers to safety. It is Hearne. When Colonel Thompson asks who the other man was, Hearne replies, ""A hero. He killed fifteen Japs single-handed — thirty, if you like.""","Lieutenant Sam Lawson, USN, is a Japanese language interpreter. He is assigned to a British infantry commando unit in the New Hebrides Islands for a combat mission. Lawson's commando group is instructed to destroy the Japanese radio transmitter to prevent them from sounding the alarm about an American naval convoy scheduled to appear on the horizon in three days.","Action,Drama,War",Robert Aldrich,"Michael Caine,Cliff Robertson,Ian Bannen,Harry Andrews,Ronald Fraser,Denholm Elliott,Lance Percival,Percy Herbert,Patrick Jordan,Sam Kydd"
1970,Tora! Tora! Tora!,"In August 1939, a trade embargo imposed by the United States is depriving a belligerent Japan of raw materials. Influential army figures and politicians push through an alliance with Germany and Italy in September 1940 and make preparations for war. The newly appointed Commander-in-Chief of the Combined Fleet Admiral Isoroku Yamamoto reluctantly orders the planning of a pre-emptive strike on the U.S. Pacific Fleet anchored at Pearl Harbor, believing that Japan's best hope of achieving control of the Pacific Ocean is to annihilate the fleet at the outset of hostilities. Air Staff Officer Minoru Genda is chosen to mastermind the operation while his old Naval Academy classmate Mitsuo Fuchida is selected to lead the attack.
Meanwhile, in Washington, American military intelligence has managed to break the Japanese Purple Code, allowing the Americans to intercept secret Japanese radio transmissions indicating increased Japanese naval activity. Monitoring the transmissions are U.S. Army Col. Bratton and U.S. Navy Lt. Commander Kramer. At Pearl Harbor itself, Admiral Kimmel and General Short do their best to enhance defenses which include increasing naval patrols around Hawaii and calling for Boeing B-17 Flying Fortress bombers to patrol offshore to provide early warning of any enemy presence. Short recommends parking all aircraft at the base on the runways and not dispersed around the edges of the airfield to avoid sabotage by enemy agents.
Several months pass with diplomatic tensions continuing to escalate between the U.S. and Japan. As the Japanese ambassador continues negotiations to stall for time, the Japanese fleet sorties into the Pacific and soon is in position to begin the assault. On the day of the attack, Bratton and Kramer learn from intercepts that the Japanese plan to commence a series of 14 radio messages from Tokyo to the Japanese embassy in Washington with an instruction to destroy their code machines after receiving the final message. Deducing that this indicates that the Japanese plan to launch a surprise attack on American forces after the messages are delivered, Bratton attempts to warn his superiors of his suspicions but encounters several obstacles – Chief of Naval Operations Harold R. Stark is indecisive over notifying Hawaii without first alerting the President while Army Chief of Staff General George Marshall's order that Pearl Harbor be alerted of an impending attack is stymied by poor atmospherics that prevent radio transmission and bungling when a warning sent by telegram is not marked urgent.
At dawn on December 7, the Japanese fleet launches its aircraft. Their approach to Hawaii is detected by two radar operators but their concerns are dismissed as the duty officer receiving their alert assumes it is a group of American B-17 Flying Fortresses inbound from the mainland scheduled to land later that day. As a result, the Japanese achieve complete surprise and a joyous commander Fuchida, riding in a Nakajima B5N ""Kate"", sends the code to begin the attack: ""Tora! Tora! Tora!"" Meeting no opposition, the Japanese planes savage Pearl Harbor with a series of attacks. General Short's anti-sabotage precautions prove a disastrous mistake that allows the Japanese aerial forces to destroy the U.S. aircraft on the ground with ease, thereby preventing an effective aerial counter-attack. The damage to the naval base is catastrophic with the Americans suffering severe casualties. Seven battleships are either sunk or heavily damaged. Hours after the attack is over, General Short and Admiral Kimmel finally receive Marshall's telegram warning of impending danger.
In Washington, the Secretary of State Cordell Hull is stunned on learning of the attack and urgently requests confirmation before receiving the Japanese ambassador. The message that was transmitted to the Japanese embassy in 14 parts – a declaration of war – was meant to be delivered to the Americans at 1:00 pm, 30 minutes before the attack. However, it was not decoded and transcribed in time, with the result that the attack took place while the two nations were technically still at peace. The distraught Japanese ambassador, helpless to explain the late ultimatum and unaware of the ongoing attack, is bluntly rebuffed by a despondent Hull.
Back in the Pacific, the Japanese fleet commander, Vice-Admiral Chūichi Nagumo, refuses to launch the scheduled third wave of aircraft for fear of exposing his force to American submarines which he believes are in the area. Aboard his flagship, Admiral Yamamoto solemnly informs his staff that their primary targets – the American fleet's aircraft carriers, which had been dispatched into the Pacific days previously to search for Japanese vessels – were not at Pearl Harbor and thus escaped unscathed before lamenting the fact that the declaration of war was not received until after the attack began. Noting that nothing would infuriate the Americans more he concludes, ""I fear all we have done is to awaken a sleeping giant and fill him with a terrible resolve.""","In August 1939, a trade embargo imposed by the United States is depriving a belligerent Japan of raw materials. Influential army figures and politicians push through an alliance with Germany and Italy in September 1940 and make preparations for war. The newly appointed Commander-in-Chief of the Combined Fleet Admiral Isoroku Yamamoto reluctantly orders the planning of a pre-emptive strike on the U.S. Pacific Fleet.","Action,Drama,History","Richard Fleischer, Kinji Fukasaku","Martin Balsam,Sô Yamamura,Jason Robards,Joseph Cotten,Tatsuya Mihashi,E.G. Marshall,Takahiro Tamura,James Whitmore,Eijirô Tôno,Wesley Addy"
1970,Trash,"Joe Smith, a heroin addict, is on a quest to score more drugs. Joe has problematic relationship with his on-off, sexually frustrated girlfriend, Holly Sandiago.
During the course of the day, Joe overdoses in front of an upper-class couple, attempts to fool welfare into approving his methadone treatment by having Holly fake a pregnancy, and frustrates the women in his life with his drug-induced impotence.","Joe Smith, a heroin addict, is on a quest to score more drugs. Joe has problematic relationship with his on-off, sexually frustrated girlfriend, Holly Sandiago. Joe overdoses in front of an upper-class couple, attempts to fool welfare into approving methadone treatment by having Holly fake a pregnancy.",Drama,Paul Morrissey,"Joe Dallesandro,John Putnam,Bruce Pecheur,Roberto D'Alessandro,Michael Sklar"
1970,Tribes,"Private Adrian, a young United States Marine Corps Vietnam war era draftee who, despite being an anti-war hippie, reluctantly reports to boot camp to fulfill his duty as an American.
Adrian excels as a leader; though, his pacifist ideology presents continuing conflicts between himself and his superiors. Adrian's drill instructor, Gunnery Sgt. Thomas Drake quickly recognizes Adrian's leadership qualities, but is conflicted as he grows to respect Adrian while also realizing that he represents everything Adrian opposes. At one point, Adrian points out that his love of meditation is similar to Drake's drawing to relax, indicating a sketch of a flying bird. Both are ways of finding freedom. Drake responds angrily, denying that he had drawn the picture.
Throughout the training, the Chief Drill Instructor, and Drake's superior, Master Sgt. Frank DePayster, takes an instant dislike to Adrian. He repeatedly argues with Drake about him, claiming that the fact that the man is performing all of his assigned tasks is not enough. He considers Adrian's attitude grounds enough for him to be set back and placed in the Motivational Platoon, a disciplinary unit for problem recruits. Drake disagrees and allows Adrian to continue training through to graduation, at one point personally bringing him back after he deserted. However, DePayster had gone behind Drake's back by filing a complaint against them both with the Company Commanding Officer. Without Drake's approval, the CO removed Adrian, placing him in the Motivational Platoon under DePayster. Drake accuses DePayster of carrying out a personal vendetta, to which DePayster replies ""I'll forget I heard that.""
Drake takes the drawing of the bird from his desk drawer and hangs it up, thus signifying his own method of rebellion and freedom. The platoon graduates without Adrian. As Drake awaits a new batch of recruits, DePayster informs him that Adrian went ""over the hill"" during the night.","Private Adrian is a young U.S. Marine Corps Vietnam war era draftee. Despite being an anti-war hippie, he reluctantly reports to boot camp to fulfill his duty as an American. Adrian excels as a leader, but his pacifist ideology presents conflicts between himself and his superiors.",drama,Joseph Sargent,"Darren McGavin, Earl Holliman"
1970,The Traveling Executioner,"Jonas Candide, a former carnival showman, travels around the South in 1918 with his own portable electric chair, going from prison to prison with his young assistant, Jimmy, charging one hundred dollars per execution. Two of Jonas' potential victims are siblings Willy and Gundred Herzallerliebst. While Jonas successfully executes Willy, he falls for Gundred, hoping to fake her execution.","Jonas Candide, a former carnival showman, travels around the South in 1918 with his own portable electric chair. Jonas goes from prison to prison with his young assistant, Jimmy, charging one hundred dollars per execution. Jonas successfully executes siblings Willy and Gundred Herzallerliebst. Jonas falls for Gundred, hoping to fake her execution.","Comedy,Drama,Western",Jack Smight,"Stacy Keach,Bud Cort,Graham Jarvis,James Sloyan,M. Emmet Walsh,John Bottoms,Ford Rainey,James Greene,Sam Reese"
